
> frontend@0.1.0 dev
> next dev

 ⚠ Warning: Next.js inferred your workspace root, but it may not be correct.
 We detected multiple lockfiles and selected the directory of /opt/livekit1/package-lock.json as the root directory.
 To silence this warning, set `outputFileTracingRoot` in your Next.js config, or consider removing one of the lockfiles if it's not needed.
   See https://nextjs.org/docs/app/api-reference/config/next-config-js/output#caveats for more information.
 Detected additional lockfiles: 
   * /opt/livekit1/frontend/package-lock.json

   ▲ Next.js 15.5.6
   - Local:        http://localhost:3000
   - Network:      http://134.199.197.42:3000
   - Environments: .env.local, .env

 ✓ Starting...
 ✓ Ready in 2.8s
 ○ Compiling /middleware ...
 ⚠ ./node_modules/resend/dist/index.mjs
Module not found: Can't resolve '@react-email/render' in '/opt/livekit1/frontend/node_modules/resend/dist'

Import trace for requested module:
./node_modules/resend/dist/index.mjs
./lib/email.ts
./auth.ts
 ⚠ ./node_modules/resend/dist/index.mjs
Module not found: Can't resolve '@react-email/render' in '/opt/livekit1/frontend/node_modules/resend/dist'

Import trace for requested module:
./node_modules/resend/dist/index.mjs
./lib/email.ts
./auth.ts
 ⚠ ./node_modules/resend/dist/index.mjs
Module not found: Can't resolve '@react-email/render' in '/opt/livekit1/frontend/node_modules/resend/dist'

Import trace for requested module:
./node_modules/resend/dist/index.mjs
./lib/email.ts
./auth.ts
[33m[auth][warn][debug-enabled][0m Read more: https://warnings.authjs.dev
 GET /api/auth/session 200 in 9734ms
 ⚠ ./node_modules/resend/dist/index.mjs
Module not found: Can't resolve '@react-email/render' in '/opt/livekit1/frontend/node_modules/resend/dist'

Import trace for requested module:
./node_modules/resend/dist/index.mjs
./lib/email.ts
./auth.ts
 ⚠ ./node_modules/resend/dist/index.mjs
Module not found: Can't resolve '@react-email/render' in '/opt/livekit1/frontend/node_modules/resend/dist'

Import trace for requested module:
./node_modules/resend/dist/index.mjs
./lib/email.ts
./auth.ts
[33m[auth][warn][debug-enabled][0m Read more: https://warnings.authjs.dev
 GET /api/auth/session 200 in 1970ms
 GET /api/auth/session 200 in 1977ms
 GET /api/auth/session 200 in 1985ms
Error: Route "/api/user/agents/[id]/livekit-info" used `params.id`. `params` should be awaited before using its properties. Learn more: https://nextjs.org/docs/messages/sync-dynamic-apis
    at GET (app/api/user/agents/[id]/livekit-info/route.ts:27:28)
  25 |     }
  26 |
> 27 |     const agentId = params.id;
     |                            ^
  28 |
  29 |     // Forward to Flask backend
  30 |     const response = await fetch(`${BACKEND_URL}/api/user/agents/${agentId}/livekit-info`, {
 GET /api/user/agents/7b885e98-8cfe-4d8a-947c-9eb24ad678e0/livekit-info 200 in 2958ms
[33m[auth][warn][debug-enabled][0m Read more: https://warnings.authjs.dev
 Middleware check: /dashboard, session: giraud.eric@gmail.com
✅ User giraud.eric@gmail.com - has active subscription
 ⚠ ./node_modules/resend/dist/index.mjs
Module not found: Can't resolve '@react-email/render' in '/opt/livekit1/frontend/node_modules/resend/dist'

Import trace for requested module:
./node_modules/resend/dist/index.mjs
./lib/email.ts
./auth.ts
 ⚠ ./node_modules/resend/dist/index.mjs
Module not found: Can't resolve '@react-email/render' in '/opt/livekit1/frontend/node_modules/resend/dist'

Import trace for requested module:
./node_modules/resend/dist/index.mjs
./lib/email.ts
./auth.ts
 GET /dashboard 200 in 9861ms
 ⚠ ./node_modules/resend/dist/index.mjs
Module not found: Can't resolve '@react-email/render' in '/opt/livekit1/frontend/node_modules/resend/dist'

Import trace for requested module:
./node_modules/resend/dist/index.mjs
./lib/email.ts
./auth.ts
[33m[auth][warn][debug-enabled][0m Read more: https://warnings.authjs.dev
 GET /api/auth/session 200 in 164ms
Error: Route "/api/user/agents/[id]/livekit-info" used `params.id`. `params` should be awaited before using its properties. Learn more: https://nextjs.org/docs/messages/sync-dynamic-apis
    at GET (app/api/user/agents/[id]/livekit-info/route.ts:27:28)
  25 |     }
  26 |
> 27 |     const agentId = params.id;
     |                            ^
  28 |
  29 |     // Forward to Flask backend
  30 |     const response = await fetch(`${BACKEND_URL}/api/user/agents/${agentId}/livekit-info`, {
 GET /api/user/agents/7b885e98-8cfe-4d8a-947c-9eb24ad678e0/livekit-info 200 in 462ms
 GET /api/auth/session 200 in 150ms
 GET /api/auth/session 200 in 183ms
 GET /api/auth/session 200 in 191ms
 Middleware check: /dashboard/calls, session: giraud.eric@gmail.com
✅ User giraud.eric@gmail.com - has active subscription
 ⚠ ./node_modules/resend/dist/index.mjs
Module not found: Can't resolve '@react-email/render' in '/opt/livekit1/frontend/node_modules/resend/dist'

Import trace for requested module:
./node_modules/resend/dist/index.mjs
./lib/email.ts
./auth.ts
 Middleware check: /dashboard/testing, session: giraud.eric@gmail.com
✅ User giraud.eric@gmail.com - has active subscription
 Middleware check: /dashboard/phone-numbers, session: giraud.eric@gmail.com
✅ User giraud.eric@gmail.com - has active subscription
 Middleware check: /dashboard/agents, session: giraud.eric@gmail.com
✅ User giraud.eric@gmail.com - has active subscription
 Middleware check: /dashboard/phone-numbers, session: giraud.eric@gmail.com
✅ User giraud.eric@gmail.com - has active subscription
 ⚠ ./node_modules/resend/dist/index.mjs
Module not found: Can't resolve '@react-email/render' in '/opt/livekit1/frontend/node_modules/resend/dist'

Import trace for requested module:
./node_modules/resend/dist/index.mjs
./lib/email.ts
./auth.ts
 GET /dashboard/testing 200 in 8029ms
 GET /dashboard/phone-numbers 200 in 7999ms
 GET /dashboard/agents 200 in 7854ms
 GET /dashboard/calls 200 in 8252ms
 GET /dashboard/phone-numbers 200 in 4498ms
 ⚠ ./node_modules/resend/dist/index.mjs
Module not found: Can't resolve '@react-email/render' in '/opt/livekit1/frontend/node_modules/resend/dist'

Import trace for requested module:
./node_modules/resend/dist/index.mjs
./lib/email.ts
./auth.ts
 ⚠ Cross origin request detected from ai.epic.dm to /_next/* resource. In a future major version of Next.js, you will need to explicitly configure "allowedDevOrigins" in next.config to allow this.
Read more: https://nextjs.org/docs/app/api-reference/config/next-config-js/allowedDevOrigins
 Middleware check: /_next/webpack-hmr, session: giraud.eric@gmail.com
 ⚠ ./node_modules/resend/dist/index.mjs
Module not found: Can't resolve '@react-email/render' in '/opt/livekit1/frontend/node_modules/resend/dist'

Import trace for requested module:
./node_modules/resend/dist/index.mjs
./lib/email.ts
./auth.ts
[33m[auth][warn][debug-enabled][0m Read more: https://warnings.authjs.dev
 GET /favicon.ico 200 in 5431ms
 GET /_next/webpack-hmr 404 in 4509ms
 GET /api/auth/session 200 in 4613ms
 GET /api/auth/session 200 in 4561ms
 GET /api/auth/session 200 in 4565ms
 GET /api/auth/session 200 in 4629ms
 GET /api/auth/session 200 in 111ms
 ⚠ ./node_modules/resend/dist/index.mjs
Module not found: Can't resolve '@react-email/render' in '/opt/livekit1/frontend/node_modules/resend/dist'

Import trace for requested module:
./node_modules/resend/dist/index.mjs
./lib/email.ts
./auth.ts
 GET /api/auth/session 200 in 154ms
 GET /api/auth/session 200 in 155ms
 ⚠ ./node_modules/resend/dist/index.mjs
Module not found: Can't resolve '@react-email/render' in '/opt/livekit1/frontend/node_modules/resend/dist'

Import trace for requested module:
./node_modules/resend/dist/index.mjs
./lib/email.ts
./auth.ts
[33m[auth][warn][debug-enabled][0m Read more: https://warnings.authjs.dev
 GET /api/auth/session 200 in 1861ms
 GET /api/auth/session 200 in 1789ms
 GET /api/auth/session 200 in 1792ms
 GET /api/auth/session 200 in 1871ms
 GET /api/user/phone-numbers 200 in 2136ms
 GET /api/user/phone-numbers 200 in 2157ms
 GET /api/auth/session 200 in 139ms
 GET /api/auth/session 200 in 143ms
 GET /api/auth/session 200 in 146ms
 GET /api/user/phone-numbers 200 in 166ms
 GET /api/auth/session 200 in 83ms
 GET /api/auth/session 200 in 85ms
 GET /api/auth/session 200 in 99ms
 GET /api/auth/session 200 in 32ms
 ⚠ ./node_modules/resend/dist/index.mjs
Module not found: Can't resolve '@react-email/render' in '/opt/livekit1/frontend/node_modules/resend/dist'

Import trace for requested module:
./node_modules/resend/dist/index.mjs
./lib/email.ts
./auth.ts
 ⚠ ./node_modules/resend/dist/index.mjs
Module not found: Can't resolve '@react-email/render' in '/opt/livekit1/frontend/node_modules/resend/dist'

Import trace for requested module:
./node_modules/resend/dist/index.mjs
./lib/email.ts
./auth.ts
[33m[auth][warn][debug-enabled][0m Read more: https://warnings.authjs.dev
 GET /api/auth/session 200 in 1952ms
 GET /api/auth/session 200 in 1923ms
 GET /api/auth/session 200 in 779ms
 GET /api/auth/session 200 in 2015ms
 GET /api/user/agents 200 in 2000ms
 GET /api/user/agents 200 in 2091ms
 Middleware check: /dashboard/phone-numbers, session: giraud.eric@gmail.com
✅ User giraud.eric@gmail.com - has active subscription
 GET /api/auth/session 200 in 148ms
 GET /api/auth/session 200 in 112ms
 GET /dashboard/phone-numbers 200 in 623ms
 GET /favicon.ico 200 in 37ms
 GET /api/auth/session 200 in 111ms
 Middleware check: /_next/webpack-hmr, session: giraud.eric@gmail.com
 GET /_next/webpack-hmr 404 in 322ms
 GET /api/auth/session 200 in 140ms
 GET /api/auth/session 200 in 142ms
 GET /api/auth/session 200 in 144ms
 GET /api/user/phone-numbers 200 in 181ms
 GET /api/auth/session 200 in 98ms
 GET /api/auth/session 200 in 101ms
 GET /api/auth/session 200 in 122ms
 GET /api/auth/session 200 in 74ms
 GET /api/auth/session 200 in 140ms
 GET /api/auth/session 200 in 200ms
 GET /api/user/phone-numbers 200 in 256ms
 GET /api/auth/session 200 in 154ms
 GET /api/auth/session 200 in 130ms
 GET /api/auth/session 200 in 112ms
 GET /api/auth/session 200 in 176ms
 GET /api/auth/session 200 in 185ms
 GET /api/auth/session 200 in 169ms
 GET /api/user/phone-numbers 200 in 266ms
 GET /api/auth/session 200 in 224ms
 GET /api/auth/session 200 in 161ms
 GET /api/auth/session 200 in 127ms
 GET /api/auth/session 200 in 72ms
 GET /api/auth/session 200 in 191ms
 GET /api/user/agents 200 in 246ms
 GET /api/auth/session 200 in 156ms
 GET /api/auth/session 200 in 157ms
 GET /api/auth/session 200 in 145ms
 GET /api/auth/session 200 in 64ms
 GET /api/auth/session 200 in 96ms
 GET /api/auth/session 200 in 145ms
 GET /api/user/agents 200 in 173ms
 GET /api/auth/session 200 in 110ms
 GET /api/auth/session 200 in 61ms
 GET /api/auth/session 200 in 30ms
 GET /api/auth/session 200 in 85ms
Error: Route "/api/user/agents/[id]/livekit-info" used `params.id`. `params` should be awaited before using its properties. Learn more: https://nextjs.org/docs/messages/sync-dynamic-apis
    at GET (app/api/user/agents/[id]/livekit-info/route.ts:27:28)
  25 |     }
  26 |
> 27 |     const agentId = params.id;
     |                            ^
  28 |
  29 |     // Forward to Flask backend
  30 |     const response = await fetch(`${BACKEND_URL}/api/user/agents/${agentId}/livekit-info`, {
 GET /api/user/agents/7b885e98-8cfe-4d8a-947c-9eb24ad678e0/livekit-info 200 in 496ms
 GET /api/auth/session 200 in 182ms
 GET /api/auth/session 200 in 158ms
 GET /api/auth/session 200 in 162ms
 GET /api/auth/session 200 in 101ms
 GET /api/auth/session 200 in 115ms
 GET /api/auth/session 200 in 59ms
 GET /api/auth/session 200 in 214ms
Error: Route "/api/user/agents/[id]/livekit-info" used `params.id`. `params` should be awaited before using its properties. Learn more: https://nextjs.org/docs/messages/sync-dynamic-apis
    at GET (app/api/user/agents/[id]/livekit-info/route.ts:27:28)
  25 |     }
  26 |
> 27 |     const agentId = params.id;
     |                            ^
  28 |
  29 |     // Forward to Flask backend
  30 |     const response = await fetch(`${BACKEND_URL}/api/user/agents/${agentId}/livekit-info`, {
 GET /api/user/agents/7b885e98-8cfe-4d8a-947c-9eb24ad678e0/livekit-info 200 in 747ms
 GET /api/auth/session 200 in 735ms
 GET /api/auth/session 200 in 96ms
 GET /api/auth/session 200 in 90ms
Error: Route "/api/user/agents/[id]/livekit-info" used `params.id`. `params` should be awaited before using its properties. Learn more: https://nextjs.org/docs/messages/sync-dynamic-apis
    at GET (app/api/user/agents/[id]/livekit-info/route.ts:27:28)
  25 |     }
  26 |
> 27 |     const agentId = params.id;
     |                            ^
  28 |
  29 |     // Forward to Flask backend
  30 |     const response = await fetch(`${BACKEND_URL}/api/user/agents/${agentId}/livekit-info`, {
 GET /api/user/agents/7b885e98-8cfe-4d8a-947c-9eb24ad678e0/livekit-info 200 in 395ms
 GET /api/auth/session 200 in 188ms
 GET /api/auth/session 200 in 209ms
 GET /api/auth/session 200 in 213ms
 GET /api/auth/session 200 in 87ms
 GET /api/auth/session 200 in 98ms
 POST /api/user/calls/test-outbound 404 in 156ms
 GET /api/auth/session 200 in 142ms
 GET /api/auth/session 200 in 118ms
 GET /api/auth/session 200 in 147ms
 GET /api/auth/session 200 in 178ms
 GET /api/auth/session 200 in 88ms
Error: Route "/api/user/agents/[id]/livekit-info" used `params.id`. `params` should be awaited before using its properties. Learn more: https://nextjs.org/docs/messages/sync-dynamic-apis
    at GET (app/api/user/agents/[id]/livekit-info/route.ts:27:28)
  25 |     }
  26 |
> 27 |     const agentId = params.id;
     |                            ^
  28 |
  29 |     // Forward to Flask backend
  30 |     const response = await fetch(`${BACKEND_URL}/api/user/agents/${agentId}/livekit-info`, {
 GET /api/user/agents/7b885e98-8cfe-4d8a-947c-9eb24ad678e0/livekit-info 200 in 409ms
 GET /api/auth/session 200 in 209ms
 GET /api/auth/session 200 in 246ms
 GET /api/auth/session 200 in 260ms
 GET /api/auth/session 200 in 86ms
 GET /api/auth/session 200 in 100ms
Error: Route "/api/user/agents/[id]/livekit-info" used `params.id`. `params` should be awaited before using its properties. Learn more: https://nextjs.org/docs/messages/sync-dynamic-apis
    at GET (app/api/user/agents/[id]/livekit-info/route.ts:27:28)
  25 |     }
  26 |
> 27 |     const agentId = params.id;
     |                            ^
  28 |
  29 |     // Forward to Flask backend
  30 |     const response = await fetch(`${BACKEND_URL}/api/user/agents/${agentId}/livekit-info`, {
 GET /api/user/agents/7b885e98-8cfe-4d8a-947c-9eb24ad678e0/livekit-info 200 in 547ms
 GET /api/auth/session 200 in 171ms
 GET /api/auth/session 200 in 201ms
 GET /api/auth/session 200 in 208ms
 GET /api/auth/session 200 in 100ms
 GET /api/auth/session 200 in 201ms
Error: Route "/api/user/agents/[id]/livekit-info" used `params.id`. `params` should be awaited before using its properties. Learn more: https://nextjs.org/docs/messages/sync-dynamic-apis
    at GET (app/api/user/agents/[id]/livekit-info/route.ts:27:28)
  25 |     }
  26 |
> 27 |     const agentId = params.id;
     |                            ^
  28 |
  29 |     // Forward to Flask backend
  30 |     const response = await fetch(`${BACKEND_URL}/api/user/agents/${agentId}/livekit-info`, {
 GET /api/user/agents/7b885e98-8cfe-4d8a-947c-9eb24ad678e0/livekit-info 200 in 1529ms
 GET /api/auth/session 200 in 393ms
 GET /api/auth/session 200 in 413ms
 GET /api/auth/session 200 in 414ms
 GET /api/auth/session 200 in 46ms
 GET /api/auth/session 200 in 119ms
Error: Route "/api/user/agents/[id]/livekit-info" used `params.id`. `params` should be awaited before using its properties. Learn more: https://nextjs.org/docs/messages/sync-dynamic-apis
    at GET (app/api/user/agents/[id]/livekit-info/route.ts:27:28)
  25 |     }
  26 |
> 27 |     const agentId = params.id;
     |                            ^
  28 |
  29 |     // Forward to Flask backend
  30 |     const response = await fetch(`${BACKEND_URL}/api/user/agents/${agentId}/livekit-info`, {
 GET /api/user/agents/7b885e98-8cfe-4d8a-947c-9eb24ad678e0/livekit-info 200 in 770ms
 GET /api/auth/session 200 in 163ms
 GET /api/auth/session 200 in 187ms
 GET /api/auth/session 200 in 188ms
 GET /api/auth/session 200 in 228ms
 ⚠ ./node_modules/resend/dist/index.mjs
Module not found: Can't resolve '@react-email/render' in '/opt/livekit1/frontend/node_modules/resend/dist'

Import trace for requested module:
./node_modules/resend/dist/index.mjs
./lib/email.ts
./auth.ts
 GET /api/auth/session 200 in 94ms
Error: Route "/api/user/agents/[id]/livekit-info" used `params.id`. `params` should be awaited before using its properties. Learn more: https://nextjs.org/docs/messages/sync-dynamic-apis
    at GET (app/api/user/agents/[id]/livekit-info/route.ts:27:28)
  25 |     }
  26 |
> 27 |     const agentId = params.id;
     |                            ^
  28 |
  29 |     // Forward to Flask backend
  30 |     const response = await fetch(`${BACKEND_URL}/api/user/agents/${agentId}/livekit-info`, {
 GET /api/user/agents/7b885e98-8cfe-4d8a-947c-9eb24ad678e0/livekit-info 200 in 480ms
 GET /api/auth/session 200 in 106ms
 GET /api/auth/session 200 in 127ms
 GET /api/auth/session 200 in 131ms
 GET /api/auth/session 200 in 153ms
 ⚠ ./node_modules/resend/dist/index.mjs
Module not found: Can't resolve '@react-email/render' in '/opt/livekit1/frontend/node_modules/resend/dist'

Import trace for requested module:
./node_modules/resend/dist/index.mjs
./lib/email.ts
./auth.ts
 ⚠ ./node_modules/resend/dist/index.mjs
Module not found: Can't resolve '@react-email/render' in '/opt/livekit1/frontend/node_modules/resend/dist'

Import trace for requested module:
./node_modules/resend/dist/index.mjs
./lib/email.ts
./auth.ts
 ⚠ ./node_modules/resend/dist/index.mjs
Module not found: Can't resolve '@react-email/render' in '/opt/livekit1/frontend/node_modules/resend/dist'

Import trace for requested module:
./node_modules/resend/dist/index.mjs
./lib/email.ts
./auth.ts
 ⚠ ./node_modules/resend/dist/index.mjs
Module not found: Can't resolve '@react-email/render' in '/opt/livekit1/frontend/node_modules/resend/dist'

Import trace for requested module:
./node_modules/resend/dist/index.mjs
./lib/email.ts
./auth.ts
 ⚠ ./node_modules/resend/dist/index.mjs
Module not found: Can't resolve '@react-email/render' in '/opt/livekit1/frontend/node_modules/resend/dist'

Import trace for requested module:
./node_modules/resend/dist/index.mjs
./lib/email.ts
./auth.ts
 ⚠ ./node_modules/resend/dist/index.mjs
Module not found: Can't resolve '@react-email/render' in '/opt/livekit1/frontend/node_modules/resend/dist'

Import trace for requested module:
./node_modules/resend/dist/index.mjs
./lib/email.ts
./auth.ts
 ⚠ ./node_modules/resend/dist/index.mjs
Module not found: Can't resolve '@react-email/render' in '/opt/livekit1/frontend/node_modules/resend/dist'

Import trace for requested module:
./node_modules/resend/dist/index.mjs
./lib/email.ts
./auth.ts
[33m[auth][warn][debug-enabled][0m Read more: https://warnings.authjs.dev
 GET /api/auth/session 200 in 224ms
Error: Route "/api/user/agents/[id]/livekit-info" used `params.id`. `params` should be awaited before using its properties. Learn more: https://nextjs.org/docs/messages/sync-dynamic-apis
    at GET (app/api/user/agents/[id]/livekit-info/route.ts:27:28)
  25 |     }
  26 |
> 27 |     const agentId = params.id;
     |                            ^
  28 |
  29 |     // Forward to Flask backend
  30 |     const response = await fetch(`${BACKEND_URL}/api/user/agents/${agentId}/livekit-info`, {
 GET /api/user/agents/7b885e98-8cfe-4d8a-947c-9eb24ad678e0/livekit-info 200 in 392ms
 GET /api/auth/session 200 in 144ms
 GET /api/auth/session 200 in 179ms
 GET /api/auth/session 200 in 187ms
 GET /api/auth/session 200 in 143ms
 GET /api/auth/session 200 in 100ms
Error: Route "/api/user/agents/[id]/livekit-info" used `params.id`. `params` should be awaited before using its properties. Learn more: https://nextjs.org/docs/messages/sync-dynamic-apis
    at GET (app/api/user/agents/[id]/livekit-info/route.ts:27:28)
  25 |     }
  26 |
> 27 |     const agentId = params.id;
     |                            ^
  28 |
  29 |     // Forward to Flask backend
  30 |     const response = await fetch(`${BACKEND_URL}/api/user/agents/${agentId}/livekit-info`, {
 GET /api/user/agents/7b885e98-8cfe-4d8a-947c-9eb24ad678e0/livekit-info 200 in 526ms
 GET /api/auth/session 200 in 160ms
 GET /api/auth/session 200 in 187ms
 GET /api/auth/session 200 in 193ms
 GET /api/auth/session 200 in 74ms
 GET /api/auth/session 200 in 72ms
Error: Route "/api/user/agents/[id]/livekit-info" used `params.id`. `params` should be awaited before using its properties. Learn more: https://nextjs.org/docs/messages/sync-dynamic-apis
    at GET (app/api/user/agents/[id]/livekit-info/route.ts:27:28)
  25 |     }
  26 |
> 27 |     const agentId = params.id;
     |                            ^
  28 |
  29 |     // Forward to Flask backend
  30 |     const response = await fetch(`${BACKEND_URL}/api/user/agents/${agentId}/livekit-info`, {
 GET /api/user/agents/7b885e98-8cfe-4d8a-947c-9eb24ad678e0/livekit-info 200 in 439ms
 GET /api/auth/session 200 in 101ms
 GET /api/auth/session 200 in 108ms
 GET /api/auth/session 200 in 69ms
 GET /api/auth/session 200 in 114ms
 GET /api/auth/session 200 in 101ms
Error: Route "/api/user/agents/[id]/livekit-info" used `params.id`. `params` should be awaited before using its properties. Learn more: https://nextjs.org/docs/messages/sync-dynamic-apis
    at GET (app/api/user/agents/[id]/livekit-info/route.ts:27:28)
  25 |     }
  26 |
> 27 |     const agentId = params.id;
     |                            ^
  28 |
  29 |     // Forward to Flask backend
  30 |     const response = await fetch(`${BACKEND_URL}/api/user/agents/${agentId}/livekit-info`, {
 GET /api/user/agents/7b885e98-8cfe-4d8a-947c-9eb24ad678e0/livekit-info 200 in 527ms
 GET /api/auth/session 200 in 208ms
 GET /api/auth/session 200 in 230ms
 GET /api/auth/session 200 in 237ms
 GET /api/auth/session 200 in 649ms
 GET /api/auth/session 200 in 77ms
Error: Route "/api/user/agents/[id]/livekit-info" used `params.id`. `params` should be awaited before using its properties. Learn more: https://nextjs.org/docs/messages/sync-dynamic-apis
    at GET (app/api/user/agents/[id]/livekit-info/route.ts:27:28)
  25 |     }
  26 |
> 27 |     const agentId = params.id;
     |                            ^
  28 |
  29 |     // Forward to Flask backend
  30 |     const response = await fetch(`${BACKEND_URL}/api/user/agents/${agentId}/livekit-info`, {
 GET /api/user/agents/7b885e98-8cfe-4d8a-947c-9eb24ad678e0/livekit-info 200 in 434ms
 GET /api/auth/session 200 in 140ms
 GET /api/auth/session 200 in 166ms
 GET /api/auth/session 200 in 174ms
 GET /api/auth/session 200 in 102ms
 GET /api/auth/session 200 in 79ms
Error: Route "/api/user/agents/[id]/livekit-info" used `params.id`. `params` should be awaited before using its properties. Learn more: https://nextjs.org/docs/messages/sync-dynamic-apis
    at GET (app/api/user/agents/[id]/livekit-info/route.ts:27:28)
  25 |     }
  26 |
> 27 |     const agentId = params.id;
     |                            ^
  28 |
  29 |     // Forward to Flask backend
  30 |     const response = await fetch(`${BACKEND_URL}/api/user/agents/${agentId}/livekit-info`, {
 GET /api/user/agents/7b885e98-8cfe-4d8a-947c-9eb24ad678e0/livekit-info 200 in 374ms
 GET /api/auth/session 200 in 111ms
 GET /api/auth/session 200 in 138ms
 GET /api/auth/session 200 in 142ms
 GET /api/auth/session 200 in 66ms
 GET /api/auth/session 200 in 75ms
Error: Route "/api/user/agents/[id]/livekit-info" used `params.id`. `params` should be awaited before using its properties. Learn more: https://nextjs.org/docs/messages/sync-dynamic-apis
    at GET (app/api/user/agents/[id]/livekit-info/route.ts:27:28)
  25 |     }
  26 |
> 27 |     const agentId = params.id;
     |                            ^
  28 |
  29 |     // Forward to Flask backend
  30 |     const response = await fetch(`${BACKEND_URL}/api/user/agents/${agentId}/livekit-info`, {
 GET /api/user/agents/7b885e98-8cfe-4d8a-947c-9eb24ad678e0/livekit-info 200 in 528ms
 GET /api/auth/session 200 in 207ms
 GET /api/auth/session 200 in 252ms
 GET /api/auth/session 200 in 260ms
 GET /api/auth/session 200 in 128ms
 GET /api/auth/session 200 in 68ms
Error: Route "/api/user/agents/[id]/livekit-info" used `params.id`. `params` should be awaited before using its properties. Learn more: https://nextjs.org/docs/messages/sync-dynamic-apis
    at GET (app/api/user/agents/[id]/livekit-info/route.ts:27:28)
  25 |     }
  26 |
> 27 |     const agentId = params.id;
     |                            ^
  28 |
  29 |     // Forward to Flask backend
  30 |     const response = await fetch(`${BACKEND_URL}/api/user/agents/${agentId}/livekit-info`, {
 GET /api/user/agents/7b885e98-8cfe-4d8a-947c-9eb24ad678e0/livekit-info 200 in 441ms
 GET /api/auth/session 200 in 679ms
 GET /api/auth/session 200 in 1051ms
 GET /api/auth/session 200 in 1063ms
 GET /api/auth/session 200 in 37ms
 GET /api/auth/session 200 in 97ms
Error: Route "/api/user/agents/[id]/livekit-info" used `params.id`. `params` should be awaited before using its properties. Learn more: https://nextjs.org/docs/messages/sync-dynamic-apis
    at GET (app/api/user/agents/[id]/livekit-info/route.ts:27:28)
  25 |     }
  26 |
> 27 |     const agentId = params.id;
     |                            ^
  28 |
  29 |     // Forward to Flask backend
  30 |     const response = await fetch(`${BACKEND_URL}/api/user/agents/${agentId}/livekit-info`, {
 GET /api/user/agents/7b885e98-8cfe-4d8a-947c-9eb24ad678e0/livekit-info 200 in 626ms
 GET /api/auth/session 200 in 279ms
 GET /api/auth/session 200 in 318ms
 GET /api/auth/session 200 in 164ms
 GET /api/auth/session 200 in 82ms
 GET /api/auth/session 200 in 80ms
Error: Route "/api/user/agents/[id]/livekit-info" used `params.id`. `params` should be awaited before using its properties. Learn more: https://nextjs.org/docs/messages/sync-dynamic-apis
    at GET (app/api/user/agents/[id]/livekit-info/route.ts:27:28)
  25 |     }
  26 |
> 27 |     const agentId = params.id;
     |                            ^
  28 |
  29 |     // Forward to Flask backend
  30 |     const response = await fetch(`${BACKEND_URL}/api/user/agents/${agentId}/livekit-info`, {
 GET /api/user/agents/7b885e98-8cfe-4d8a-947c-9eb24ad678e0/livekit-info 200 in 602ms
 GET /api/auth/session 200 in 159ms
 GET /api/auth/session 200 in 191ms
 GET /api/auth/session 200 in 195ms
 GET /api/auth/session 200 in 135ms
 GET /api/auth/session 200 in 81ms
Error: Route "/api/user/agents/[id]/livekit-info" used `params.id`. `params` should be awaited before using its properties. Learn more: https://nextjs.org/docs/messages/sync-dynamic-apis
    at GET (app/api/user/agents/[id]/livekit-info/route.ts:27:28)
  25 |     }
  26 |
> 27 |     const agentId = params.id;
     |                            ^
  28 |
  29 |     // Forward to Flask backend
  30 |     const response = await fetch(`${BACKEND_URL}/api/user/agents/${agentId}/livekit-info`, {
 GET /api/user/agents/7b885e98-8cfe-4d8a-947c-9eb24ad678e0/livekit-info 200 in 448ms
 GET /api/auth/session 200 in 135ms
 GET /api/auth/session 200 in 162ms
 GET /api/auth/session 200 in 181ms
 GET /api/auth/session 200 in 111ms
 GET /api/auth/session 200 in 89ms
Error: Route "/api/user/agents/[id]/livekit-info" used `params.id`. `params` should be awaited before using its properties. Learn more: https://nextjs.org/docs/messages/sync-dynamic-apis
    at GET (app/api/user/agents/[id]/livekit-info/route.ts:27:28)
  25 |     }
  26 |
> 27 |     const agentId = params.id;
     |                            ^
  28 |
  29 |     // Forward to Flask backend
  30 |     const response = await fetch(`${BACKEND_URL}/api/user/agents/${agentId}/livekit-info`, {
 GET /api/user/agents/7b885e98-8cfe-4d8a-947c-9eb24ad678e0/livekit-info 200 in 476ms
 GET /api/auth/session 200 in 673ms
 GET /api/auth/session 200 in 687ms
 GET /api/auth/session 200 in 691ms
 GET /api/auth/session 200 in 67ms
 GET /api/auth/session 200 in 78ms
Error: Route "/api/user/agents/[id]/livekit-info" used `params.id`. `params` should be awaited before using its properties. Learn more: https://nextjs.org/docs/messages/sync-dynamic-apis
    at GET (app/api/user/agents/[id]/livekit-info/route.ts:27:28)
  25 |     }
  26 |
> 27 |     const agentId = params.id;
     |                            ^
  28 |
  29 |     // Forward to Flask backend
  30 |     const response = await fetch(`${BACKEND_URL}/api/user/agents/${agentId}/livekit-info`, {
 GET /api/user/agents/7b885e98-8cfe-4d8a-947c-9eb24ad678e0/livekit-info 200 in 425ms
 GET /api/auth/session 200 in 296ms
 GET /api/auth/session 200 in 318ms
 GET /api/auth/session 200 in 264ms
 GET /api/auth/session 200 in 266ms
 GET /api/auth/session 200 in 90ms
Error: Route "/api/user/agents/[id]/livekit-info" used `params.id`. `params` should be awaited before using its properties. Learn more: https://nextjs.org/docs/messages/sync-dynamic-apis
    at GET (app/api/user/agents/[id]/livekit-info/route.ts:27:28)
  25 |     }
  26 |
> 27 |     const agentId = params.id;
     |                            ^
  28 |
  29 |     // Forward to Flask backend
  30 |     const response = await fetch(`${BACKEND_URL}/api/user/agents/${agentId}/livekit-info`, {
 GET /api/user/agents/7b885e98-8cfe-4d8a-947c-9eb24ad678e0/livekit-info 200 in 425ms
 GET /api/auth/session 200 in 135ms
 GET /api/auth/session 200 in 157ms
 GET /api/auth/session 200 in 138ms
 GET /api/auth/session 200 in 67ms
 GET /api/auth/session 200 in 71ms
Error: Route "/api/user/agents/[id]/livekit-info" used `params.id`. `params` should be awaited before using its properties. Learn more: https://nextjs.org/docs/messages/sync-dynamic-apis
    at GET (app/api/user/agents/[id]/livekit-info/route.ts:27:28)
  25 |     }
  26 |
> 27 |     const agentId = params.id;
     |                            ^
  28 |
  29 |     // Forward to Flask backend
  30 |     const response = await fetch(`${BACKEND_URL}/api/user/agents/${agentId}/livekit-info`, {
 GET /api/user/agents/7b885e98-8cfe-4d8a-947c-9eb24ad678e0/livekit-info 200 in 704ms
 GET /api/auth/session 200 in 145ms
 GET /api/auth/session 200 in 163ms
 GET /api/auth/session 200 in 113ms
 GET /api/auth/session 200 in 83ms
 GET /api/auth/session 200 in 104ms
Error: Route "/api/user/agents/[id]/livekit-info" used `params.id`. `params` should be awaited before using its properties. Learn more: https://nextjs.org/docs/messages/sync-dynamic-apis
    at GET (app/api/user/agents/[id]/livekit-info/route.ts:27:28)
  25 |     }
  26 |
> 27 |     const agentId = params.id;
     |                            ^
  28 |
  29 |     // Forward to Flask backend
  30 |     const response = await fetch(`${BACKEND_URL}/api/user/agents/${agentId}/livekit-info`, {
 GET /api/user/agents/7b885e98-8cfe-4d8a-947c-9eb24ad678e0/livekit-info 200 in 433ms
 GET /api/auth/session 200 in 325ms
 GET /api/auth/session 200 in 431ms
 GET /api/auth/session 200 in 470ms
 GET /api/auth/session 200 in 479ms
 GET /api/auth/session 200 in 89ms
Error: Route "/api/user/agents/[id]/livekit-info" used `params.id`. `params` should be awaited before using its properties. Learn more: https://nextjs.org/docs/messages/sync-dynamic-apis
    at GET (app/api/user/agents/[id]/livekit-info/route.ts:27:28)
  25 |     }
  26 |
> 27 |     const agentId = params.id;
     |                            ^
  28 |
  29 |     // Forward to Flask backend
  30 |     const response = await fetch(`${BACKEND_URL}/api/user/agents/${agentId}/livekit-info`, {
 GET /api/user/agents/7b885e98-8cfe-4d8a-947c-9eb24ad678e0/livekit-info 200 in 410ms
 GET /api/auth/session 200 in 139ms
 GET /api/auth/session 200 in 158ms
 GET /api/auth/session 200 in 158ms
 GET /api/auth/session 200 in 72ms
 GET /api/auth/session 200 in 105ms
Error: Route "/api/user/agents/[id]/livekit-info" used `params.id`. `params` should be awaited before using its properties. Learn more: https://nextjs.org/docs/messages/sync-dynamic-apis
    at GET (app/api/user/agents/[id]/livekit-info/route.ts:27:28)
  25 |     }
  26 |
> 27 |     const agentId = params.id;
     |                            ^
  28 |
  29 |     // Forward to Flask backend
  30 |     const response = await fetch(`${BACKEND_URL}/api/user/agents/${agentId}/livekit-info`, {
 GET /api/user/agents/7b885e98-8cfe-4d8a-947c-9eb24ad678e0/livekit-info 200 in 402ms
 GET /api/auth/session 200 in 129ms
 GET /api/auth/session 200 in 152ms
 GET /api/auth/session 200 in 156ms
 GET /api/auth/session 200 in 78ms
 GET /api/auth/session 200 in 77ms
Error: Route "/api/user/agents/[id]/livekit-info" used `params.id`. `params` should be awaited before using its properties. Learn more: https://nextjs.org/docs/messages/sync-dynamic-apis
    at GET (app/api/user/agents/[id]/livekit-info/route.ts:27:28)
  25 |     }
  26 |
> 27 |     const agentId = params.id;
     |                            ^
  28 |
  29 |     // Forward to Flask backend
  30 |     const response = await fetch(`${BACKEND_URL}/api/user/agents/${agentId}/livekit-info`, {
 GET /api/user/agents/7b885e98-8cfe-4d8a-947c-9eb24ad678e0/livekit-info 200 in 498ms
 GET /api/auth/session 200 in 160ms
 GET /api/auth/session 200 in 185ms
 GET /api/auth/session 200 in 133ms
 GET /api/auth/session 200 in 76ms
 GET /api/auth/session 200 in 80ms
Error: Route "/api/user/agents/[id]/livekit-info" used `params.id`. `params` should be awaited before using its properties. Learn more: https://nextjs.org/docs/messages/sync-dynamic-apis
    at GET (app/api/user/agents/[id]/livekit-info/route.ts:27:28)
  25 |     }
  26 |
> 27 |     const agentId = params.id;
     |                            ^
  28 |
  29 |     // Forward to Flask backend
  30 |     const response = await fetch(`${BACKEND_URL}/api/user/agents/${agentId}/livekit-info`, {
 GET /api/user/agents/7b885e98-8cfe-4d8a-947c-9eb24ad678e0/livekit-info 200 in 537ms
 GET /api/auth/session 200 in 496ms
 GET /api/auth/session 200 in 649ms
 GET /api/auth/session 200 in 366ms
 GET /api/auth/session 200 in 32ms
 GET /api/auth/session 200 in 79ms
Error: Route "/api/user/agents/[id]/livekit-info" used `params.id`. `params` should be awaited before using its properties. Learn more: https://nextjs.org/docs/messages/sync-dynamic-apis
    at GET (app/api/user/agents/[id]/livekit-info/route.ts:27:28)
  25 |     }
  26 |
> 27 |     const agentId = params.id;
     |                            ^
  28 |
  29 |     // Forward to Flask backend
  30 |     const response = await fetch(`${BACKEND_URL}/api/user/agents/${agentId}/livekit-info`, {
 GET /api/user/agents/7b885e98-8cfe-4d8a-947c-9eb24ad678e0/livekit-info 200 in 519ms
 GET /api/auth/session 200 in 235ms
 GET /api/auth/session 200 in 302ms
 GET /api/auth/session 200 in 308ms
 GET /api/auth/session 200 in 312ms
 Middleware check: /, session: NONE
 ⚠ ./node_modules/resend/dist/index.mjs
Module not found: Can't resolve '@react-email/render' in '/opt/livekit1/frontend/node_modules/resend/dist'

Import trace for requested module:
./node_modules/resend/dist/index.mjs
./lib/email.ts
./auth.ts
 ⚠ ./node_modules/resend/dist/index.mjs
Module not found: Can't resolve '@react-email/render' in '/opt/livekit1/frontend/node_modules/resend/dist'

Import trace for requested module:
./node_modules/resend/dist/index.mjs
./lib/email.ts
./auth.ts
 GET / 200 in 5875ms
[33m[auth][warn][debug-enabled][0m Read more: https://warnings.authjs.dev
 GET /api/auth/session 200 in 210ms
Error: Route "/api/user/agents/[id]/livekit-info" used `params.id`. `params` should be awaited before using its properties. Learn more: https://nextjs.org/docs/messages/sync-dynamic-apis
    at GET (app/api/user/agents/[id]/livekit-info/route.ts:27:28)
  25 |     }
  26 |
> 27 |     const agentId = params.id;
     |                            ^
  28 |
  29 |     // Forward to Flask backend
  30 |     const response = await fetch(`${BACKEND_URL}/api/user/agents/${agentId}/livekit-info`, {
 GET /api/user/agents/7b885e98-8cfe-4d8a-947c-9eb24ad678e0/livekit-info 200 in 491ms
 GET /api/auth/session 200 in 127ms
 GET /api/auth/session 200 in 102ms
 GET /api/auth/session 200 in 115ms
 GET /api/auth/session 200 in 119ms
 GET /api/auth/session 200 in 109ms
Error: Route "/api/user/agents/[id]/livekit-info" used `params.id`. `params` should be awaited before using its properties. Learn more: https://nextjs.org/docs/messages/sync-dynamic-apis
    at GET (app/api/user/agents/[id]/livekit-info/route.ts:27:28)
  25 |     }
  26 |
> 27 |     const agentId = params.id;
     |                            ^
  28 |
  29 |     // Forward to Flask backend
  30 |     const response = await fetch(`${BACKEND_URL}/api/user/agents/${agentId}/livekit-info`, {
 GET /api/user/agents/7b885e98-8cfe-4d8a-947c-9eb24ad678e0/livekit-info 200 in 443ms
 GET /api/auth/session 200 in 172ms
 GET /api/auth/session 200 in 208ms
 GET /api/auth/session 200 in 168ms
 GET /api/auth/session 200 in 64ms
 GET /api/auth/session 200 in 93ms
Error: Route "/api/user/agents/[id]/livekit-info" used `params.id`. `params` should be awaited before using its properties. Learn more: https://nextjs.org/docs/messages/sync-dynamic-apis
    at GET (app/api/user/agents/[id]/livekit-info/route.ts:27:28)
  25 |     }
  26 |
> 27 |     const agentId = params.id;
     |                            ^
  28 |
  29 |     // Forward to Flask backend
  30 |     const response = await fetch(`${BACKEND_URL}/api/user/agents/${agentId}/livekit-info`, {
 GET /api/user/agents/7b885e98-8cfe-4d8a-947c-9eb24ad678e0/livekit-info 200 in 675ms
 GET /api/auth/session 200 in 243ms
 GET /api/auth/session 200 in 271ms
 GET /api/auth/session 200 in 275ms
 GET /api/auth/session 200 in 60ms
 GET /api/auth/session 200 in 83ms
Error: Route "/api/user/agents/[id]/livekit-info" used `params.id`. `params` should be awaited before using its properties. Learn more: https://nextjs.org/docs/messages/sync-dynamic-apis
    at GET (app/api/user/agents/[id]/livekit-info/route.ts:27:28)
  25 |     }
  26 |
> 27 |     const agentId = params.id;
     |                            ^
  28 |
  29 |     // Forward to Flask backend
  30 |     const response = await fetch(`${BACKEND_URL}/api/user/agents/${agentId}/livekit-info`, {
 GET /api/user/agents/7b885e98-8cfe-4d8a-947c-9eb24ad678e0/livekit-info 200 in 503ms
 GET /api/auth/session 200 in 154ms
 GET /api/auth/session 200 in 176ms
 GET /api/auth/session 200 in 157ms
 GET /api/auth/session 200 in 195ms
 GET /api/auth/session 200 in 95ms
Error: Route "/api/user/agents/[id]/livekit-info" used `params.id`. `params` should be awaited before using its properties. Learn more: https://nextjs.org/docs/messages/sync-dynamic-apis
    at GET (app/api/user/agents/[id]/livekit-info/route.ts:27:28)
  25 |     }
  26 |
> 27 |     const agentId = params.id;
     |                            ^
  28 |
  29 |     // Forward to Flask backend
  30 |     const response = await fetch(`${BACKEND_URL}/api/user/agents/${agentId}/livekit-info`, {
 GET /api/user/agents/7b885e98-8cfe-4d8a-947c-9eb24ad678e0/livekit-info 200 in 442ms
 GET /api/auth/session 200 in 141ms
 GET /api/auth/session 200 in 151ms
 GET /api/auth/session 200 in 461ms
 GET /api/auth/session 200 in 400ms
 GET /api/auth/session 200 in 83ms
Error: Route "/api/user/agents/[id]/livekit-info" used `params.id`. `params` should be awaited before using its properties. Learn more: https://nextjs.org/docs/messages/sync-dynamic-apis
    at GET (app/api/user/agents/[id]/livekit-info/route.ts:27:28)
  25 |     }
  26 |
> 27 |     const agentId = params.id;
     |                            ^
  28 |
  29 |     // Forward to Flask backend
  30 |     const response = await fetch(`${BACKEND_URL}/api/user/agents/${agentId}/livekit-info`, {
 GET /api/user/agents/7b885e98-8cfe-4d8a-947c-9eb24ad678e0/livekit-info 200 in 412ms
 GET /api/auth/session 200 in 160ms
 GET /api/auth/session 200 in 182ms
 GET /api/auth/session 200 in 186ms
 GET /api/auth/session 200 in 41ms
 GET /api/auth/session 200 in 82ms
Error: Route "/api/user/agents/[id]/livekit-info" used `params.id`. `params` should be awaited before using its properties. Learn more: https://nextjs.org/docs/messages/sync-dynamic-apis
    at GET (app/api/user/agents/[id]/livekit-info/route.ts:27:28)
  25 |     }
  26 |
> 27 |     const agentId = params.id;
     |                            ^
  28 |
  29 |     // Forward to Flask backend
  30 |     const response = await fetch(`${BACKEND_URL}/api/user/agents/${agentId}/livekit-info`, {
 GET /api/user/agents/7b885e98-8cfe-4d8a-947c-9eb24ad678e0/livekit-info 200 in 375ms
 GET /api/auth/session 200 in 138ms
 GET /api/auth/session 200 in 129ms
 GET /api/auth/session 200 in 161ms
 GET /api/auth/session 200 in 96ms
 GET /api/auth/session 200 in 98ms
Error: Route "/api/user/agents/[id]/livekit-info" used `params.id`. `params` should be awaited before using its properties. Learn more: https://nextjs.org/docs/messages/sync-dynamic-apis
    at GET (app/api/user/agents/[id]/livekit-info/route.ts:27:28)
  25 |     }
  26 |
> 27 |     const agentId = params.id;
     |                            ^
  28 |
  29 |     // Forward to Flask backend
  30 |     const response = await fetch(`${BACKEND_URL}/api/user/agents/${agentId}/livekit-info`, {
 GET /api/user/agents/7b885e98-8cfe-4d8a-947c-9eb24ad678e0/livekit-info 200 in 532ms
 GET /api/auth/session 200 in 152ms
 GET /api/auth/session 200 in 170ms
 GET /api/auth/session 200 in 105ms
 GET /api/auth/session 200 in 92ms
 Middleware check: /.env, session: NONE
 ⚠ ./node_modules/resend/dist/index.mjs
Module not found: Can't resolve '@react-email/render' in '/opt/livekit1/frontend/node_modules/resend/dist'

Import trace for requested module:
./node_modules/resend/dist/index.mjs
./lib/email.ts
./auth.ts
 ⚠ ./node_modules/resend/dist/index.mjs
Module not found: Can't resolve '@react-email/render' in '/opt/livekit1/frontend/node_modules/resend/dist'

Import trace for requested module:
./node_modules/resend/dist/index.mjs
./lib/email.ts
./auth.ts
 GET /.env 404 in 4568ms
[33m[auth][warn][debug-enabled][0m Read more: https://warnings.authjs.dev
 GET /api/auth/session 200 in 205ms
Error: Route "/api/user/agents/[id]/livekit-info" used `params.id`. `params` should be awaited before using its properties. Learn more: https://nextjs.org/docs/messages/sync-dynamic-apis
    at GET (app/api/user/agents/[id]/livekit-info/route.ts:27:28)
  25 |     }
  26 |
> 27 |     const agentId = params.id;
     |                            ^
  28 |
  29 |     // Forward to Flask backend
  30 |     const response = await fetch(`${BACKEND_URL}/api/user/agents/${agentId}/livekit-info`, {
 GET /api/user/agents/7b885e98-8cfe-4d8a-947c-9eb24ad678e0/livekit-info 200 in 368ms
 GET /api/auth/session 200 in 115ms
 GET /api/auth/session 200 in 137ms
 GET /api/auth/session 200 in 142ms
 GET /api/auth/session 200 in 74ms
 GET /api/auth/session 200 in 447ms
Error: Route "/api/user/agents/[id]/livekit-info" used `params.id`. `params` should be awaited before using its properties. Learn more: https://nextjs.org/docs/messages/sync-dynamic-apis
    at GET (app/api/user/agents/[id]/livekit-info/route.ts:27:28)
  25 |     }
  26 |
> 27 |     const agentId = params.id;
     |                            ^
  28 |
  29 |     // Forward to Flask backend
  30 |     const response = await fetch(`${BACKEND_URL}/api/user/agents/${agentId}/livekit-info`, {
 GET /api/user/agents/7b885e98-8cfe-4d8a-947c-9eb24ad678e0/livekit-info 200 in 630ms
 GET /api/auth/session 200 in 226ms
 GET /api/auth/session 200 in 266ms
 GET /api/auth/session 200 in 242ms
 GET /api/auth/session 200 in 93ms
 GET /api/auth/session 200 in 94ms
Error: Route "/api/user/agents/[id]/livekit-info" used `params.id`. `params` should be awaited before using its properties. Learn more: https://nextjs.org/docs/messages/sync-dynamic-apis
    at GET (app/api/user/agents/[id]/livekit-info/route.ts:27:28)
  25 |     }
  26 |
> 27 |     const agentId = params.id;
     |                            ^
  28 |
  29 |     // Forward to Flask backend
  30 |     const response = await fetch(`${BACKEND_URL}/api/user/agents/${agentId}/livekit-info`, {
 GET /api/user/agents/7b885e98-8cfe-4d8a-947c-9eb24ad678e0/livekit-info 200 in 530ms
 GET /api/auth/session 200 in 164ms
 GET /api/auth/session 200 in 180ms
 GET /api/auth/session 200 in 140ms
 GET /api/auth/session 200 in 77ms
 GET /api/auth/session 200 in 72ms
Error: Route "/api/user/agents/[id]/livekit-info" used `params.id`. `params` should be awaited before using its properties. Learn more: https://nextjs.org/docs/messages/sync-dynamic-apis
    at GET (app/api/user/agents/[id]/livekit-info/route.ts:27:28)
  25 |     }
  26 |
> 27 |     const agentId = params.id;
     |                            ^
  28 |
  29 |     // Forward to Flask backend
  30 |     const response = await fetch(`${BACKEND_URL}/api/user/agents/${agentId}/livekit-info`, {
 GET /api/user/agents/7b885e98-8cfe-4d8a-947c-9eb24ad678e0/livekit-info 200 in 436ms
 GET /api/auth/session 200 in 186ms
 GET /api/auth/session 200 in 216ms
 GET /api/auth/session 200 in 187ms
 GET /api/auth/session 200 in 78ms
 Middleware check: /.env, session: NONE
 GET /.env 404 in 155ms
 GET /api/auth/session 200 in 227ms
Error: Route "/api/user/agents/[id]/livekit-info" used `params.id`. `params` should be awaited before using its properties. Learn more: https://nextjs.org/docs/messages/sync-dynamic-apis
    at GET (app/api/user/agents/[id]/livekit-info/route.ts:27:28)
  25 |     }
  26 |
> 27 |     const agentId = params.id;
     |                            ^
  28 |
  29 |     // Forward to Flask backend
  30 |     const response = await fetch(`${BACKEND_URL}/api/user/agents/${agentId}/livekit-info`, {
 GET /api/user/agents/7b885e98-8cfe-4d8a-947c-9eb24ad678e0/livekit-info 200 in 444ms
 GET /api/auth/session 200 in 132ms
 GET /api/auth/session 200 in 138ms
 GET /api/auth/session 200 in 829ms
 GET /api/auth/session 200 in 959ms
 GET /api/auth/session 200 in 81ms
Error: Route "/api/user/agents/[id]/livekit-info" used `params.id`. `params` should be awaited before using its properties. Learn more: https://nextjs.org/docs/messages/sync-dynamic-apis
    at GET (app/api/user/agents/[id]/livekit-info/route.ts:27:28)
  25 |     }
  26 |
> 27 |     const agentId = params.id;
     |                            ^
  28 |
  29 |     // Forward to Flask backend
  30 |     const response = await fetch(`${BACKEND_URL}/api/user/agents/${agentId}/livekit-info`, {
 GET /api/user/agents/7b885e98-8cfe-4d8a-947c-9eb24ad678e0/livekit-info 200 in 433ms
 GET /api/auth/session 200 in 145ms
 GET /api/auth/session 200 in 174ms
 GET /api/auth/session 200 in 179ms
 GET /api/auth/session 200 in 111ms
 GET /api/auth/session 200 in 136ms
Error: Route "/api/user/agents/[id]/livekit-info" used `params.id`. `params` should be awaited before using its properties. Learn more: https://nextjs.org/docs/messages/sync-dynamic-apis
    at GET (app/api/user/agents/[id]/livekit-info/route.ts:27:28)
  25 |     }
  26 |
> 27 |     const agentId = params.id;
     |                            ^
  28 |
  29 |     // Forward to Flask backend
  30 |     const response = await fetch(`${BACKEND_URL}/api/user/agents/${agentId}/livekit-info`, {
 GET /api/user/agents/7b885e98-8cfe-4d8a-947c-9eb24ad678e0/livekit-info 200 in 536ms
 GET /api/auth/session 200 in 158ms
 GET /api/auth/session 200 in 184ms
 GET /api/auth/session 200 in 189ms
 GET /api/auth/session 200 in 128ms
 GET /api/auth/session 200 in 82ms
Error: Route "/api/user/agents/[id]/livekit-info" used `params.id`. `params` should be awaited before using its properties. Learn more: https://nextjs.org/docs/messages/sync-dynamic-apis
    at GET (app/api/user/agents/[id]/livekit-info/route.ts:27:28)
  25 |     }
  26 |
> 27 |     const agentId = params.id;
     |                            ^
  28 |
  29 |     // Forward to Flask backend
  30 |     const response = await fetch(`${BACKEND_URL}/api/user/agents/${agentId}/livekit-info`, {
 GET /api/user/agents/7b885e98-8cfe-4d8a-947c-9eb24ad678e0/livekit-info 200 in 353ms
 GET /api/auth/session 200 in 78ms
 GET /api/auth/session 200 in 86ms
 GET /api/auth/session 200 in 91ms
 GET /api/auth/session 200 in 74ms
 GET /api/auth/session 200 in 98ms
Error: Route "/api/user/agents/[id]/livekit-info" used `params.id`. `params` should be awaited before using its properties. Learn more: https://nextjs.org/docs/messages/sync-dynamic-apis
    at GET (app/api/user/agents/[id]/livekit-info/route.ts:27:28)
  25 |     }
  26 |
> 27 |     const agentId = params.id;
     |                            ^
  28 |
  29 |     // Forward to Flask backend
  30 |     const response = await fetch(`${BACKEND_URL}/api/user/agents/${agentId}/livekit-info`, {
 GET /api/user/agents/7b885e98-8cfe-4d8a-947c-9eb24ad678e0/livekit-info 200 in 449ms
 GET /api/auth/session 200 in 82ms
 GET /api/auth/session 200 in 93ms
 GET /api/auth/session 200 in 94ms
 GET /api/auth/session 200 in 157ms
 GET /api/auth/session 200 in 84ms
Error: Route "/api/user/agents/[id]/livekit-info" used `params.id`. `params` should be awaited before using its properties. Learn more: https://nextjs.org/docs/messages/sync-dynamic-apis
    at GET (app/api/user/agents/[id]/livekit-info/route.ts:27:28)
  25 |     }
  26 |
> 27 |     const agentId = params.id;
     |                            ^
  28 |
  29 |     // Forward to Flask backend
  30 |     const response = await fetch(`${BACKEND_URL}/api/user/agents/${agentId}/livekit-info`, {
 GET /api/user/agents/7b885e98-8cfe-4d8a-947c-9eb24ad678e0/livekit-info 200 in 469ms
 GET /api/auth/session 200 in 761ms
 GET /api/auth/session 200 in 998ms
 GET /api/auth/session 200 in 103ms
 GET /api/auth/session 200 in 42ms
 GET /api/auth/session 200 in 90ms
Error: Route "/api/user/agents/[id]/livekit-info" used `params.id`. `params` should be awaited before using its properties. Learn more: https://nextjs.org/docs/messages/sync-dynamic-apis
    at GET (app/api/user/agents/[id]/livekit-info/route.ts:27:28)
  25 |     }
  26 |
> 27 |     const agentId = params.id;
     |                            ^
  28 |
  29 |     // Forward to Flask backend
  30 |     const response = await fetch(`${BACKEND_URL}/api/user/agents/${agentId}/livekit-info`, {
 GET /api/user/agents/7b885e98-8cfe-4d8a-947c-9eb24ad678e0/livekit-info 200 in 301ms
 GET /api/auth/session 200 in 114ms
 GET /api/auth/session 200 in 121ms
 GET /api/auth/session 200 in 106ms
 GET /api/auth/session 200 in 49ms
 GET /api/auth/session 200 in 80ms
Error: Route "/api/user/agents/[id]/livekit-info" used `params.id`. `params` should be awaited before using its properties. Learn more: https://nextjs.org/docs/messages/sync-dynamic-apis
    at GET (app/api/user/agents/[id]/livekit-info/route.ts:27:28)
  25 |     }
  26 |
> 27 |     const agentId = params.id;
     |                            ^
  28 |
  29 |     // Forward to Flask backend
  30 |     const response = await fetch(`${BACKEND_URL}/api/user/agents/${agentId}/livekit-info`, {
 GET /api/user/agents/7b885e98-8cfe-4d8a-947c-9eb24ad678e0/livekit-info 200 in 490ms
 GET /api/auth/session 200 in 156ms
 GET /api/auth/session 200 in 189ms
 GET /api/auth/session 200 in 197ms
 GET /api/auth/session 200 in 132ms
 GET /api/auth/session 200 in 78ms
Error: Route "/api/user/agents/[id]/livekit-info" used `params.id`. `params` should be awaited before using its properties. Learn more: https://nextjs.org/docs/messages/sync-dynamic-apis
    at GET (app/api/user/agents/[id]/livekit-info/route.ts:27:28)
  25 |     }
  26 |
> 27 |     const agentId = params.id;
     |                            ^
  28 |
  29 |     // Forward to Flask backend
  30 |     const response = await fetch(`${BACKEND_URL}/api/user/agents/${agentId}/livekit-info`, {
 GET /api/user/agents/7b885e98-8cfe-4d8a-947c-9eb24ad678e0/livekit-info 200 in 432ms
 GET /api/auth/session 200 in 190ms
 GET /api/auth/session 200 in 193ms
 GET /api/auth/session 200 in 193ms
 GET /api/auth/session 200 in 285ms
 GET /api/auth/session 200 in 131ms
Error: Route "/api/user/agents/[id]/livekit-info" used `params.id`. `params` should be awaited before using its properties. Learn more: https://nextjs.org/docs/messages/sync-dynamic-apis
    at GET (app/api/user/agents/[id]/livekit-info/route.ts:27:28)
  25 |     }
  26 |
> 27 |     const agentId = params.id;
     |                            ^
  28 |
  29 |     // Forward to Flask backend
  30 |     const response = await fetch(`${BACKEND_URL}/api/user/agents/${agentId}/livekit-info`, {
 GET /api/user/agents/7b885e98-8cfe-4d8a-947c-9eb24ad678e0/livekit-info 200 in 561ms
 GET /api/auth/session 200 in 189ms
 GET /api/auth/session 200 in 228ms
 GET /api/auth/session 200 in 162ms
 GET /api/auth/session 200 in 87ms
 GET /api/auth/session 200 in 106ms
Error: Route "/api/user/agents/[id]/livekit-info" used `params.id`. `params` should be awaited before using its properties. Learn more: https://nextjs.org/docs/messages/sync-dynamic-apis
    at GET (app/api/user/agents/[id]/livekit-info/route.ts:27:28)
  25 |     }
  26 |
> 27 |     const agentId = params.id;
     |                            ^
  28 |
  29 |     // Forward to Flask backend
  30 |     const response = await fetch(`${BACKEND_URL}/api/user/agents/${agentId}/livekit-info`, {
 GET /api/user/agents/7b885e98-8cfe-4d8a-947c-9eb24ad678e0/livekit-info 200 in 510ms
 GET /api/auth/session 200 in 93ms
 GET /api/auth/session 200 in 101ms
 GET /api/auth/session 200 in 103ms
 GET /api/auth/session 200 in 57ms
 GET /api/auth/session 200 in 71ms
Error: Route "/api/user/agents/[id]/livekit-info" used `params.id`. `params` should be awaited before using its properties. Learn more: https://nextjs.org/docs/messages/sync-dynamic-apis
    at GET (app/api/user/agents/[id]/livekit-info/route.ts:27:28)
  25 |     }
  26 |
> 27 |     const agentId = params.id;
     |                            ^
  28 |
  29 |     // Forward to Flask backend
  30 |     const response = await fetch(`${BACKEND_URL}/api/user/agents/${agentId}/livekit-info`, {
 GET /api/user/agents/7b885e98-8cfe-4d8a-947c-9eb24ad678e0/livekit-info 200 in 421ms
 GET /api/auth/session 200 in 92ms
 GET /api/auth/session 200 in 102ms
 GET /api/auth/session 200 in 94ms
 GET /api/auth/session 200 in 116ms
 GET /api/auth/session 200 in 108ms
Error: Route "/api/user/agents/[id]/livekit-info" used `params.id`. `params` should be awaited before using its properties. Learn more: https://nextjs.org/docs/messages/sync-dynamic-apis
    at GET (app/api/user/agents/[id]/livekit-info/route.ts:27:28)
  25 |     }
  26 |
> 27 |     const agentId = params.id;
     |                            ^
  28 |
  29 |     // Forward to Flask backend
  30 |     const response = await fetch(`${BACKEND_URL}/api/user/agents/${agentId}/livekit-info`, {
 GET /api/user/agents/7b885e98-8cfe-4d8a-947c-9eb24ad678e0/livekit-info 200 in 554ms
 GET /api/auth/session 200 in 102ms
 GET /api/auth/session 200 in 122ms
 GET /api/auth/session 200 in 126ms
 GET /api/auth/session 200 in 131ms
 GET /api/auth/session 200 in 66ms
Error: Route "/api/user/agents/[id]/livekit-info" used `params.id`. `params` should be awaited before using its properties. Learn more: https://nextjs.org/docs/messages/sync-dynamic-apis
    at GET (app/api/user/agents/[id]/livekit-info/route.ts:27:28)
  25 |     }
  26 |
> 27 |     const agentId = params.id;
     |                            ^
  28 |
  29 |     // Forward to Flask backend
  30 |     const response = await fetch(`${BACKEND_URL}/api/user/agents/${agentId}/livekit-info`, {
 GET /api/user/agents/7b885e98-8cfe-4d8a-947c-9eb24ad678e0/livekit-info 200 in 563ms
 GET /api/auth/session 200 in 932ms
 GET /api/auth/session 200 in 949ms
 GET /api/auth/session 200 in 954ms
 GET /api/auth/session 200 in 35ms
 GET /api/auth/session 200 in 99ms
Error: Route "/api/user/agents/[id]/livekit-info" used `params.id`. `params` should be awaited before using its properties. Learn more: https://nextjs.org/docs/messages/sync-dynamic-apis
    at GET (app/api/user/agents/[id]/livekit-info/route.ts:27:28)
  25 |     }
  26 |
> 27 |     const agentId = params.id;
     |                            ^
  28 |
  29 |     // Forward to Flask backend
  30 |     const response = await fetch(`${BACKEND_URL}/api/user/agents/${agentId}/livekit-info`, {
 GET /api/user/agents/7b885e98-8cfe-4d8a-947c-9eb24ad678e0/livekit-info 200 in 584ms
 GET /api/auth/session 200 in 135ms
 GET /api/auth/session 200 in 151ms
 GET /api/auth/session 200 in 169ms
 GET /api/auth/session 200 in 75ms
 GET /api/auth/session 200 in 120ms
Error: Route "/api/user/agents/[id]/livekit-info" used `params.id`. `params` should be awaited before using its properties. Learn more: https://nextjs.org/docs/messages/sync-dynamic-apis
    at GET (app/api/user/agents/[id]/livekit-info/route.ts:27:28)
  25 |     }
  26 |
> 27 |     const agentId = params.id;
     |                            ^
  28 |
  29 |     // Forward to Flask backend
  30 |     const response = await fetch(`${BACKEND_URL}/api/user/agents/${agentId}/livekit-info`, {
 GET /api/user/agents/7b885e98-8cfe-4d8a-947c-9eb24ad678e0/livekit-info 200 in 550ms
 GET /api/auth/session 200 in 165ms
 GET /api/auth/session 200 in 180ms
 GET /api/auth/session 200 in 116ms
 GET /api/auth/session 200 in 66ms
 GET /api/auth/session 200 in 113ms
Error: Route "/api/user/agents/[id]/livekit-info" used `params.id`. `params` should be awaited before using its properties. Learn more: https://nextjs.org/docs/messages/sync-dynamic-apis
    at GET (app/api/user/agents/[id]/livekit-info/route.ts:27:28)
  25 |     }
  26 |
> 27 |     const agentId = params.id;
     |                            ^
  28 |
  29 |     // Forward to Flask backend
  30 |     const response = await fetch(`${BACKEND_URL}/api/user/agents/${agentId}/livekit-info`, {
 GET /api/user/agents/7b885e98-8cfe-4d8a-947c-9eb24ad678e0/livekit-info 200 in 365ms
 GET /api/auth/session 200 in 133ms
 GET /api/auth/session 200 in 145ms
 GET /api/auth/session 200 in 598ms
 GET /api/auth/session 200 in 805ms
 GET /api/auth/session 200 in 73ms
Error: Route "/api/user/agents/[id]/livekit-info" used `params.id`. `params` should be awaited before using its properties. Learn more: https://nextjs.org/docs/messages/sync-dynamic-apis
    at GET (app/api/user/agents/[id]/livekit-info/route.ts:27:28)
  25 |     }
  26 |
> 27 |     const agentId = params.id;
     |                            ^
  28 |
  29 |     // Forward to Flask backend
  30 |     const response = await fetch(`${BACKEND_URL}/api/user/agents/${agentId}/livekit-info`, {
 GET /api/user/agents/7b885e98-8cfe-4d8a-947c-9eb24ad678e0/livekit-info 200 in 449ms
 GET /api/auth/session 200 in 78ms
 GET /api/auth/session 200 in 105ms
 GET /api/auth/session 200 in 116ms
 GET /api/auth/session 200 in 175ms
 GET /api/auth/session 200 in 89ms
Error: Route "/api/user/agents/[id]/livekit-info" used `params.id`. `params` should be awaited before using its properties. Learn more: https://nextjs.org/docs/messages/sync-dynamic-apis
    at GET (app/api/user/agents/[id]/livekit-info/route.ts:27:28)
  25 |     }
  26 |
> 27 |     const agentId = params.id;
     |                            ^
  28 |
  29 |     // Forward to Flask backend
  30 |     const response = await fetch(`${BACKEND_URL}/api/user/agents/${agentId}/livekit-info`, {
 GET /api/user/agents/7b885e98-8cfe-4d8a-947c-9eb24ad678e0/livekit-info 200 in 549ms
 GET /api/auth/session 200 in 126ms
 GET /api/auth/session 200 in 129ms
 GET /api/auth/session 200 in 152ms
 GET /api/auth/session 200 in 72ms
 GET /api/auth/session 200 in 101ms
Error: Route "/api/user/agents/[id]/livekit-info" used `params.id`. `params` should be awaited before using its properties. Learn more: https://nextjs.org/docs/messages/sync-dynamic-apis
    at GET (app/api/user/agents/[id]/livekit-info/route.ts:27:28)
  25 |     }
  26 |
> 27 |     const agentId = params.id;
     |                            ^
  28 |
  29 |     // Forward to Flask backend
  30 |     const response = await fetch(`${BACKEND_URL}/api/user/agents/${agentId}/livekit-info`, {
 GET /api/user/agents/7b885e98-8cfe-4d8a-947c-9eb24ad678e0/livekit-info 200 in 488ms
 GET /api/auth/session 200 in 115ms
 GET /api/auth/session 200 in 128ms
 GET /api/auth/session 200 in 129ms
 GET /api/auth/session 200 in 112ms
 GET /api/auth/session 200 in 102ms
Error: Route "/api/user/agents/[id]/livekit-info" used `params.id`. `params` should be awaited before using its properties. Learn more: https://nextjs.org/docs/messages/sync-dynamic-apis
    at GET (app/api/user/agents/[id]/livekit-info/route.ts:27:28)
  25 |     }
  26 |
> 27 |     const agentId = params.id;
     |                            ^
  28 |
  29 |     // Forward to Flask backend
  30 |     const response = await fetch(`${BACKEND_URL}/api/user/agents/${agentId}/livekit-info`, {
 GET /api/user/agents/7b885e98-8cfe-4d8a-947c-9eb24ad678e0/livekit-info 200 in 456ms
 GET /api/auth/session 200 in 106ms
 GET /api/auth/session 200 in 127ms
 GET /api/auth/session 200 in 131ms
 GET /api/auth/session 200 in 145ms
 GET /api/auth/session 200 in 87ms
Error: Route "/api/user/agents/[id]/livekit-info" used `params.id`. `params` should be awaited before using its properties. Learn more: https://nextjs.org/docs/messages/sync-dynamic-apis
    at GET (app/api/user/agents/[id]/livekit-info/route.ts:27:28)
  25 |     }
  26 |
> 27 |     const agentId = params.id;
     |                            ^
  28 |
  29 |     // Forward to Flask backend
  30 |     const response = await fetch(`${BACKEND_URL}/api/user/agents/${agentId}/livekit-info`, {
 GET /api/user/agents/7b885e98-8cfe-4d8a-947c-9eb24ad678e0/livekit-info 200 in 435ms
 GET /api/auth/session 200 in 801ms
 GET /api/auth/session 200 in 1076ms
 GET /api/auth/session 200 in 121ms
 GET /api/auth/session 200 in 73ms
 GET /api/auth/session 200 in 97ms
Error: Route "/api/user/agents/[id]/livekit-info" used `params.id`. `params` should be awaited before using its properties. Learn more: https://nextjs.org/docs/messages/sync-dynamic-apis
    at GET (app/api/user/agents/[id]/livekit-info/route.ts:27:28)
  25 |     }
  26 |
> 27 |     const agentId = params.id;
     |                            ^
  28 |
  29 |     // Forward to Flask backend
  30 |     const response = await fetch(`${BACKEND_URL}/api/user/agents/${agentId}/livekit-info`, {
 GET /api/user/agents/7b885e98-8cfe-4d8a-947c-9eb24ad678e0/livekit-info 200 in 445ms
 GET /api/auth/session 200 in 132ms
 GET /api/auth/session 200 in 150ms
 GET /api/auth/session 200 in 154ms
 GET /api/auth/session 200 in 96ms
 GET /api/auth/session 200 in 91ms
Error: Route "/api/user/agents/[id]/livekit-info" used `params.id`. `params` should be awaited before using its properties. Learn more: https://nextjs.org/docs/messages/sync-dynamic-apis
    at GET (app/api/user/agents/[id]/livekit-info/route.ts:27:28)
  25 |     }
  26 |
> 27 |     const agentId = params.id;
     |                            ^
  28 |
  29 |     // Forward to Flask backend
  30 |     const response = await fetch(`${BACKEND_URL}/api/user/agents/${agentId}/livekit-info`, {
 GET /api/user/agents/7b885e98-8cfe-4d8a-947c-9eb24ad678e0/livekit-info 200 in 643ms
 GET /api/auth/session 200 in 177ms
 GET /api/auth/session 200 in 199ms
 GET /api/auth/session 200 in 98ms
 GET /api/auth/session 200 in 127ms
 GET /api/auth/session 200 in 111ms
Error: Route "/api/user/agents/[id]/livekit-info" used `params.id`. `params` should be awaited before using its properties. Learn more: https://nextjs.org/docs/messages/sync-dynamic-apis
    at GET (app/api/user/agents/[id]/livekit-info/route.ts:27:28)
  25 |     }
  26 |
> 27 |     const agentId = params.id;
     |                            ^
  28 |
  29 |     // Forward to Flask backend
  30 |     const response = await fetch(`${BACKEND_URL}/api/user/agents/${agentId}/livekit-info`, {
 GET /api/user/agents/7b885e98-8cfe-4d8a-947c-9eb24ad678e0/livekit-info 200 in 521ms
 GET /api/auth/session 200 in 156ms
 GET /api/auth/session 200 in 176ms
 GET /api/auth/session 200 in 183ms
 GET /api/auth/session 200 in 120ms
 GET /api/auth/session 200 in 90ms
Error: Route "/api/user/agents/[id]/livekit-info" used `params.id`. `params` should be awaited before using its properties. Learn more: https://nextjs.org/docs/messages/sync-dynamic-apis
    at GET (app/api/user/agents/[id]/livekit-info/route.ts:27:28)
  25 |     }
  26 |
> 27 |     const agentId = params.id;
     |                            ^
  28 |
  29 |     // Forward to Flask backend
  30 |     const response = await fetch(`${BACKEND_URL}/api/user/agents/${agentId}/livekit-info`, {
 GET /api/user/agents/7b885e98-8cfe-4d8a-947c-9eb24ad678e0/livekit-info 200 in 545ms
 GET /api/auth/session 200 in 1082ms
 GET /api/auth/session 200 in 1076ms
 GET /api/auth/session 200 in 1057ms
 GET /api/auth/session 200 in 53ms
 GET /api/auth/session 200 in 105ms
Error: Route "/api/user/agents/[id]/livekit-info" used `params.id`. `params` should be awaited before using its properties. Learn more: https://nextjs.org/docs/messages/sync-dynamic-apis
    at GET (app/api/user/agents/[id]/livekit-info/route.ts:27:28)
  25 |     }
  26 |
> 27 |     const agentId = params.id;
     |                            ^
  28 |
  29 |     // Forward to Flask backend
  30 |     const response = await fetch(`${BACKEND_URL}/api/user/agents/${agentId}/livekit-info`, {
 GET /api/user/agents/7b885e98-8cfe-4d8a-947c-9eb24ad678e0/livekit-info 200 in 523ms
 GET /api/auth/session 200 in 110ms
 GET /api/auth/session 200 in 130ms
 GET /api/auth/session 200 in 134ms
 GET /api/auth/session 200 in 126ms
 GET /api/auth/session 200 in 72ms
Error: Route "/api/user/agents/[id]/livekit-info" used `params.id`. `params` should be awaited before using its properties. Learn more: https://nextjs.org/docs/messages/sync-dynamic-apis
    at GET (app/api/user/agents/[id]/livekit-info/route.ts:27:28)
  25 |     }
  26 |
> 27 |     const agentId = params.id;
     |                            ^
  28 |
  29 |     // Forward to Flask backend
  30 |     const response = await fetch(`${BACKEND_URL}/api/user/agents/${agentId}/livekit-info`, {
 GET /api/user/agents/7b885e98-8cfe-4d8a-947c-9eb24ad678e0/livekit-info 200 in 487ms
 GET /api/auth/session 200 in 147ms
 GET /api/auth/session 200 in 175ms
 GET /api/auth/session 200 in 181ms
 GET /api/auth/session 200 in 97ms
 Middleware check: /, session: NONE
 ⚠ ./node_modules/resend/dist/index.mjs
Module not found: Can't resolve '@react-email/render' in '/opt/livekit1/frontend/node_modules/resend/dist'

Import trace for requested module:
./node_modules/resend/dist/index.mjs
./lib/email.ts
./auth.ts
 ⚠ ./node_modules/resend/dist/index.mjs
Module not found: Can't resolve '@react-email/render' in '/opt/livekit1/frontend/node_modules/resend/dist'

Import trace for requested module:
./node_modules/resend/dist/index.mjs
./lib/email.ts
./auth.ts
 GET / 200 in 2470ms
[33m[auth][warn][debug-enabled][0m Read more: https://warnings.authjs.dev
 GET /api/auth/session 200 in 184ms
Error: Route "/api/user/agents/[id]/livekit-info" used `params.id`. `params` should be awaited before using its properties. Learn more: https://nextjs.org/docs/messages/sync-dynamic-apis
    at GET (app/api/user/agents/[id]/livekit-info/route.ts:27:28)
  25 |     }
  26 |
> 27 |     const agentId = params.id;
     |                            ^
  28 |
  29 |     // Forward to Flask backend
  30 |     const response = await fetch(`${BACKEND_URL}/api/user/agents/${agentId}/livekit-info`, {
 GET /api/user/agents/7b885e98-8cfe-4d8a-947c-9eb24ad678e0/livekit-info 200 in 430ms
 GET /api/auth/session 200 in 178ms
 GET /api/auth/session 200 in 216ms
 GET /api/auth/session 200 in 220ms
 GET /api/auth/session 200 in 71ms
 GET /api/auth/session 200 in 99ms
Error: Route "/api/user/agents/[id]/livekit-info" used `params.id`. `params` should be awaited before using its properties. Learn more: https://nextjs.org/docs/messages/sync-dynamic-apis
    at GET (app/api/user/agents/[id]/livekit-info/route.ts:27:28)
  25 |     }
  26 |
> 27 |     const agentId = params.id;
     |                            ^
  28 |
  29 |     // Forward to Flask backend
  30 |     const response = await fetch(`${BACKEND_URL}/api/user/agents/${agentId}/livekit-info`, {
 GET /api/user/agents/7b885e98-8cfe-4d8a-947c-9eb24ad678e0/livekit-info 200 in 521ms
 GET /api/auth/session 200 in 116ms
 GET /api/auth/session 200 in 143ms
 GET /api/auth/session 200 in 95ms
 GET /api/auth/session 200 in 27ms
 GET /api/auth/session 200 in 84ms
Error: Route "/api/user/agents/[id]/livekit-info" used `params.id`. `params` should be awaited before using its properties. Learn more: https://nextjs.org/docs/messages/sync-dynamic-apis
    at GET (app/api/user/agents/[id]/livekit-info/route.ts:27:28)
  25 |     }
  26 |
> 27 |     const agentId = params.id;
     |                            ^
  28 |
  29 |     // Forward to Flask backend
  30 |     const response = await fetch(`${BACKEND_URL}/api/user/agents/${agentId}/livekit-info`, {
 GET /api/user/agents/7b885e98-8cfe-4d8a-947c-9eb24ad678e0/livekit-info 200 in 530ms
 GET /api/auth/session 200 in 117ms
 GET /api/auth/session 200 in 131ms
 GET /api/auth/session 200 in 70ms
 GET /api/auth/session 200 in 135ms
 GET /api/auth/session 200 in 92ms
Error: Route "/api/user/agents/[id]/livekit-info" used `params.id`. `params` should be awaited before using its properties. Learn more: https://nextjs.org/docs/messages/sync-dynamic-apis
    at GET (app/api/user/agents/[id]/livekit-info/route.ts:27:28)
  25 |     }
  26 |
> 27 |     const agentId = params.id;
     |                            ^
  28 |
  29 |     // Forward to Flask backend
  30 |     const response = await fetch(`${BACKEND_URL}/api/user/agents/${agentId}/livekit-info`, {
 GET /api/user/agents/7b885e98-8cfe-4d8a-947c-9eb24ad678e0/livekit-info 200 in 452ms
 GET /api/auth/session 200 in 117ms
 GET /api/auth/session 200 in 141ms
 GET /api/auth/session 200 in 144ms
 GET /api/auth/session 200 in 112ms
 GET /api/auth/session 200 in 86ms
Error: Route "/api/user/agents/[id]/livekit-info" used `params.id`. `params` should be awaited before using its properties. Learn more: https://nextjs.org/docs/messages/sync-dynamic-apis
    at GET (app/api/user/agents/[id]/livekit-info/route.ts:27:28)
  25 |     }
  26 |
> 27 |     const agentId = params.id;
     |                            ^
  28 |
  29 |     // Forward to Flask backend
  30 |     const response = await fetch(`${BACKEND_URL}/api/user/agents/${agentId}/livekit-info`, {
 GET /api/user/agents/7b885e98-8cfe-4d8a-947c-9eb24ad678e0/livekit-info 200 in 583ms
 GET /api/auth/session 200 in 244ms
 GET /api/auth/session 200 in 274ms
 GET /api/auth/session 200 in 283ms
 GET /api/auth/session 200 in 90ms
 GET /api/auth/session 200 in 93ms
Error: Route "/api/user/agents/[id]/livekit-info" used `params.id`. `params` should be awaited before using its properties. Learn more: https://nextjs.org/docs/messages/sync-dynamic-apis
    at GET (app/api/user/agents/[id]/livekit-info/route.ts:27:28)
  25 |     }
  26 |
> 27 |     const agentId = params.id;
     |                            ^
  28 |
  29 |     // Forward to Flask backend
  30 |     const response = await fetch(`${BACKEND_URL}/api/user/agents/${agentId}/livekit-info`, {
 GET /api/user/agents/7b885e98-8cfe-4d8a-947c-9eb24ad678e0/livekit-info 200 in 402ms
 GET /api/auth/session 200 in 534ms
 GET /api/auth/session 200 in 717ms
 GET /api/auth/session 200 in 741ms
 GET /api/auth/session 200 in 96ms
 GET /api/auth/session 200 in 86ms
Error: Route "/api/user/agents/[id]/livekit-info" used `params.id`. `params` should be awaited before using its properties. Learn more: https://nextjs.org/docs/messages/sync-dynamic-apis
    at GET (app/api/user/agents/[id]/livekit-info/route.ts:27:28)
  25 |     }
  26 |
> 27 |     const agentId = params.id;
     |                            ^
  28 |
  29 |     // Forward to Flask backend
  30 |     const response = await fetch(`${BACKEND_URL}/api/user/agents/${agentId}/livekit-info`, {
 GET /api/user/agents/7b885e98-8cfe-4d8a-947c-9eb24ad678e0/livekit-info 200 in 508ms
 GET /api/auth/session 200 in 275ms
 GET /api/auth/session 200 in 337ms
 GET /api/auth/session 200 in 349ms
 GET /api/auth/session 200 in 75ms
 GET /api/auth/session 200 in 107ms
Error: Route "/api/user/agents/[id]/livekit-info" used `params.id`. `params` should be awaited before using its properties. Learn more: https://nextjs.org/docs/messages/sync-dynamic-apis
    at GET (app/api/user/agents/[id]/livekit-info/route.ts:27:28)
  25 |     }
  26 |
> 27 |     const agentId = params.id;
     |                            ^
  28 |
  29 |     // Forward to Flask backend
  30 |     const response = await fetch(`${BACKEND_URL}/api/user/agents/${agentId}/livekit-info`, {
 GET /api/user/agents/7b885e98-8cfe-4d8a-947c-9eb24ad678e0/livekit-info 200 in 480ms
 GET /api/auth/session 200 in 142ms
 GET /api/auth/session 200 in 158ms
 GET /api/auth/session 200 in 160ms
 GET /api/auth/session 200 in 160ms
 GET /api/auth/session 200 in 171ms
Error: Route "/api/user/agents/[id]/livekit-info" used `params.id`. `params` should be awaited before using its properties. Learn more: https://nextjs.org/docs/messages/sync-dynamic-apis
    at GET (app/api/user/agents/[id]/livekit-info/route.ts:27:28)
  25 |     }
  26 |
> 27 |     const agentId = params.id;
     |                            ^
  28 |
  29 |     // Forward to Flask backend
  30 |     const response = await fetch(`${BACKEND_URL}/api/user/agents/${agentId}/livekit-info`, {
 GET /api/user/agents/7b885e98-8cfe-4d8a-947c-9eb24ad678e0/livekit-info 200 in 501ms
 GET /api/auth/session 200 in 141ms
 GET /api/auth/session 200 in 173ms
 GET /api/auth/session 200 in 133ms
 GET /api/auth/session 200 in 42ms
 GET /api/auth/session 200 in 99ms
Error: Route "/api/user/agents/[id]/livekit-info" used `params.id`. `params` should be awaited before using its properties. Learn more: https://nextjs.org/docs/messages/sync-dynamic-apis
    at GET (app/api/user/agents/[id]/livekit-info/route.ts:27:28)
  25 |     }
  26 |
> 27 |     const agentId = params.id;
     |                            ^
  28 |
  29 |     // Forward to Flask backend
  30 |     const response = await fetch(`${BACKEND_URL}/api/user/agents/${agentId}/livekit-info`, {
 GET /api/user/agents/7b885e98-8cfe-4d8a-947c-9eb24ad678e0/livekit-info 200 in 542ms
 GET /api/auth/session 200 in 166ms
 GET /api/auth/session 200 in 187ms
 GET /api/auth/session 200 in 158ms
 GET /api/auth/session 200 in 133ms
 GET /api/auth/session 200 in 108ms
Error: Route "/api/user/agents/[id]/livekit-info" used `params.id`. `params` should be awaited before using its properties. Learn more: https://nextjs.org/docs/messages/sync-dynamic-apis
    at GET (app/api/user/agents/[id]/livekit-info/route.ts:27:28)
  25 |     }
  26 |
> 27 |     const agentId = params.id;
     |                            ^
  28 |
  29 |     // Forward to Flask backend
  30 |     const response = await fetch(`${BACKEND_URL}/api/user/agents/${agentId}/livekit-info`, {
 GET /api/user/agents/7b885e98-8cfe-4d8a-947c-9eb24ad678e0/livekit-info 200 in 564ms
 GET /api/auth/session 200 in 1162ms
 GET /api/auth/session 200 in 1168ms
 GET /api/auth/session 200 in 1158ms
 GET /api/auth/session 200 in 1155ms
 GET /api/auth/session 200 in 80ms
Error: Route "/api/user/agents/[id]/livekit-info" used `params.id`. `params` should be awaited before using its properties. Learn more: https://nextjs.org/docs/messages/sync-dynamic-apis
    at GET (app/api/user/agents/[id]/livekit-info/route.ts:27:28)
  25 |     }
  26 |
> 27 |     const agentId = params.id;
     |                            ^
  28 |
  29 |     // Forward to Flask backend
  30 |     const response = await fetch(`${BACKEND_URL}/api/user/agents/${agentId}/livekit-info`, {
 GET /api/user/agents/7b885e98-8cfe-4d8a-947c-9eb24ad678e0/livekit-info 200 in 437ms
 GET /api/auth/session 200 in 151ms
 GET /api/auth/session 200 in 190ms
 GET /api/auth/session 200 in 194ms
 GET /api/auth/session 200 in 88ms
 GET /api/auth/session 200 in 70ms
Error: Route "/api/user/agents/[id]/livekit-info" used `params.id`. `params` should be awaited before using its properties. Learn more: https://nextjs.org/docs/messages/sync-dynamic-apis
    at GET (app/api/user/agents/[id]/livekit-info/route.ts:27:28)
  25 |     }
  26 |
> 27 |     const agentId = params.id;
     |                            ^
  28 |
  29 |     // Forward to Flask backend
  30 |     const response = await fetch(`${BACKEND_URL}/api/user/agents/${agentId}/livekit-info`, {
 GET /api/user/agents/7b885e98-8cfe-4d8a-947c-9eb24ad678e0/livekit-info 200 in 436ms
 GET /api/auth/session 200 in 114ms
 GET /api/auth/session 200 in 134ms
 GET /api/auth/session 200 in 136ms
 GET /api/auth/session 200 in 120ms
 GET /api/auth/session 200 in 75ms
Error: Route "/api/user/agents/[id]/livekit-info" used `params.id`. `params` should be awaited before using its properties. Learn more: https://nextjs.org/docs/messages/sync-dynamic-apis
    at GET (app/api/user/agents/[id]/livekit-info/route.ts:27:28)
  25 |     }
  26 |
> 27 |     const agentId = params.id;
     |                            ^
  28 |
  29 |     // Forward to Flask backend
  30 |     const response = await fetch(`${BACKEND_URL}/api/user/agents/${agentId}/livekit-info`, {
 GET /api/user/agents/7b885e98-8cfe-4d8a-947c-9eb24ad678e0/livekit-info 200 in 379ms
 GET /api/auth/session 200 in 152ms
 GET /api/auth/session 200 in 181ms
 GET /api/auth/session 200 in 188ms
 GET /api/auth/session 200 in 112ms
 GET /api/auth/session 200 in 104ms
Error: Route "/api/user/agents/[id]/livekit-info" used `params.id`. `params` should be awaited before using its properties. Learn more: https://nextjs.org/docs/messages/sync-dynamic-apis
    at GET (app/api/user/agents/[id]/livekit-info/route.ts:27:28)
  25 |     }
  26 |
> 27 |     const agentId = params.id;
     |                            ^
  28 |
  29 |     // Forward to Flask backend
  30 |     const response = await fetch(`${BACKEND_URL}/api/user/agents/${agentId}/livekit-info`, {
 GET /api/user/agents/7b885e98-8cfe-4d8a-947c-9eb24ad678e0/livekit-info 200 in 419ms
 GET /api/auth/session 200 in 147ms
 GET /api/auth/session 200 in 170ms
 GET /api/auth/session 200 in 176ms
 GET /api/auth/session 200 in 396ms
 GET /api/auth/session 200 in 75ms
Error: Route "/api/user/agents/[id]/livekit-info" used `params.id`. `params` should be awaited before using its properties. Learn more: https://nextjs.org/docs/messages/sync-dynamic-apis
    at GET (app/api/user/agents/[id]/livekit-info/route.ts:27:28)
  25 |     }
  26 |
> 27 |     const agentId = params.id;
     |                            ^
  28 |
  29 |     // Forward to Flask backend
  30 |     const response = await fetch(`${BACKEND_URL}/api/user/agents/${agentId}/livekit-info`, {
 GET /api/user/agents/7b885e98-8cfe-4d8a-947c-9eb24ad678e0/livekit-info 200 in 499ms
 GET /api/auth/session 200 in 505ms
 GET /api/auth/session 200 in 509ms
 GET /api/auth/session 200 in 502ms
 GET /api/auth/session 200 in 76ms
 GET /api/auth/session 200 in 82ms
 GET /api/auth/session 200 in 30ms
Error: Route "/api/user/agents/[id]/livekit-info" used `params.id`. `params` should be awaited before using its properties. Learn more: https://nextjs.org/docs/messages/sync-dynamic-apis
    at GET (app/api/user/agents/[id]/livekit-info/route.ts:27:28)
  25 |     }
  26 |
> 27 |     const agentId = params.id;
     |                            ^
  28 |
  29 |     // Forward to Flask backend
  30 |     const response = await fetch(`${BACKEND_URL}/api/user/agents/${agentId}/livekit-info`, {
 GET /api/user/agents/7b885e98-8cfe-4d8a-947c-9eb24ad678e0/livekit-info 200 in 692ms
 GET /api/auth/session 200 in 593ms
 GET /api/auth/session 200 in 619ms
 GET /api/auth/session 200 in 102ms
 GET /api/auth/session 200 in 97ms
Error: Route "/api/user/agents/[id]/livekit-info" used `params.id`. `params` should be awaited before using its properties. Learn more: https://nextjs.org/docs/messages/sync-dynamic-apis
    at GET (app/api/user/agents/[id]/livekit-info/route.ts:27:28)
  25 |     }
  26 |
> 27 |     const agentId = params.id;
     |                            ^
  28 |
  29 |     // Forward to Flask backend
  30 |     const response = await fetch(`${BACKEND_URL}/api/user/agents/${agentId}/livekit-info`, {
 GET /api/user/agents/7b885e98-8cfe-4d8a-947c-9eb24ad678e0/livekit-info 200 in 518ms
 GET /api/auth/session 200 in 152ms
 GET /api/auth/session 200 in 166ms
 GET /api/auth/session 200 in 173ms
 GET /api/auth/session 200 in 55ms
 GET /api/auth/session 200 in 89ms
Error: Route "/api/user/agents/[id]/livekit-info" used `params.id`. `params` should be awaited before using its properties. Learn more: https://nextjs.org/docs/messages/sync-dynamic-apis
    at GET (app/api/user/agents/[id]/livekit-info/route.ts:27:28)
  25 |     }
  26 |
> 27 |     const agentId = params.id;
     |                            ^
  28 |
  29 |     // Forward to Flask backend
  30 |     const response = await fetch(`${BACKEND_URL}/api/user/agents/${agentId}/livekit-info`, {
 GET /api/user/agents/7b885e98-8cfe-4d8a-947c-9eb24ad678e0/livekit-info 200 in 543ms
 GET /api/auth/session 200 in 162ms
 GET /api/auth/session 200 in 181ms
 GET /api/auth/session 200 in 184ms
 GET /api/auth/session 200 in 118ms
 GET /api/auth/session 200 in 93ms
Error: Route "/api/user/agents/[id]/livekit-info" used `params.id`. `params` should be awaited before using its properties. Learn more: https://nextjs.org/docs/messages/sync-dynamic-apis
    at GET (app/api/user/agents/[id]/livekit-info/route.ts:27:28)
  25 |     }
  26 |
> 27 |     const agentId = params.id;
     |                            ^
  28 |
  29 |     // Forward to Flask backend
  30 |     const response = await fetch(`${BACKEND_URL}/api/user/agents/${agentId}/livekit-info`, {
 GET /api/user/agents/7b885e98-8cfe-4d8a-947c-9eb24ad678e0/livekit-info 200 in 699ms
 GET /api/auth/session 200 in 153ms
 GET /api/auth/session 200 in 224ms
 GET /api/auth/session 200 in 237ms
 GET /api/auth/session 200 in 252ms
 Middleware check: /, session: NONE
 GET / 200 in 124ms
 Middleware check: /dashboard/phone-numbers, session: giraud.eric@gmail.com
✅ User giraud.eric@gmail.com - has active subscription
 ⚠ ./node_modules/resend/dist/index.mjs
Module not found: Can't resolve '@react-email/render' in '/opt/livekit1/frontend/node_modules/resend/dist'

Import trace for requested module:
./node_modules/resend/dist/index.mjs
./lib/email.ts
./auth.ts
 ⚠ ./node_modules/resend/dist/index.mjs
Module not found: Can't resolve '@react-email/render' in '/opt/livekit1/frontend/node_modules/resend/dist'

Import trace for requested module:
./node_modules/resend/dist/index.mjs
./lib/email.ts
./auth.ts
 GET /dashboard/phone-numbers 200 in 5664ms
 ⚠ ./node_modules/resend/dist/index.mjs
Module not found: Can't resolve '@react-email/render' in '/opt/livekit1/frontend/node_modules/resend/dist'

Import trace for requested module:
./node_modules/resend/dist/index.mjs
./lib/email.ts
./auth.ts
 Middleware check: /_next/webpack-hmr, session: giraud.eric@gmail.com
 ⚠ ./node_modules/resend/dist/index.mjs
Module not found: Can't resolve '@react-email/render' in '/opt/livekit1/frontend/node_modules/resend/dist'

Import trace for requested module:
./node_modules/resend/dist/index.mjs
./lib/email.ts
./auth.ts
[33m[auth][warn][debug-enabled][0m Read more: https://warnings.authjs.dev
 GET /favicon.ico 200 in 4791ms
 GET /_next/webpack-hmr 404 in 3347ms
 GET /api/auth/session 200 in 4786ms
 GET /api/auth/session 200 in 4738ms
 GET /api/auth/session 200 in 4803ms
 GET /api/auth/session 200 in 4752ms
 ⚠ ./node_modules/resend/dist/index.mjs
Module not found: Can't resolve '@react-email/render' in '/opt/livekit1/frontend/node_modules/resend/dist'

Import trace for requested module:
./node_modules/resend/dist/index.mjs
./lib/email.ts
./auth.ts
 GET /api/auth/session 200 in 135ms
 ⚠ ./node_modules/resend/dist/index.mjs
Module not found: Can't resolve '@react-email/render' in '/opt/livekit1/frontend/node_modules/resend/dist'

Import trace for requested module:
./node_modules/resend/dist/index.mjs
./lib/email.ts
./auth.ts
 ⚠ ./node_modules/resend/dist/index.mjs
Module not found: Can't resolve '@react-email/render' in '/opt/livekit1/frontend/node_modules/resend/dist'

Import trace for requested module:
./node_modules/resend/dist/index.mjs
./lib/email.ts
./auth.ts
 ⚠ ./node_modules/resend/dist/index.mjs
Module not found: Can't resolve '@react-email/render' in '/opt/livekit1/frontend/node_modules/resend/dist'

Import trace for requested module:
./node_modules/resend/dist/index.mjs
./lib/email.ts
./auth.ts
[33m[auth][warn][debug-enabled][0m Read more: https://warnings.authjs.dev
 GET /api/auth/session 200 in 1522ms
 GET /api/auth/session 200 in 1247ms
 GET /api/auth/session 200 in 1157ms
 GET /api/auth/session 200 in 1532ms
 GET /api/user/phone-numbers 200 in 1594ms
 GET /api/user/phone-numbers 200 in 1517ms
 GET /api/auth/session 200 in 177ms
 GET /api/auth/session 200 in 183ms
 GET /api/user/phone-numbers 200 in 235ms
 GET /api/auth/session 200 in 248ms
 GET /api/auth/session 200 in 177ms
 GET /api/auth/session 200 in 151ms
 GET /api/auth/session 200 in 156ms
 GET /api/auth/session 200 in 159ms
 GET /api/auth/session 200 in 152ms
 GET /api/auth/session 200 in 166ms
 GET /api/auth/session 200 in 169ms
 GET /api/auth/session 200 in 171ms
 GET /api/auth/session 200 in 38ms
 ⚠ ./node_modules/resend/dist/index.mjs
Module not found: Can't resolve '@react-email/render' in '/opt/livekit1/frontend/node_modules/resend/dist'

Import trace for requested module:
./node_modules/resend/dist/index.mjs
./lib/email.ts
./auth.ts
 ⚠ ./node_modules/resend/dist/index.mjs
Module not found: Can't resolve '@react-email/render' in '/opt/livekit1/frontend/node_modules/resend/dist'

Import trace for requested module:
./node_modules/resend/dist/index.mjs
./lib/email.ts
./auth.ts
 ⚠ ./node_modules/resend/dist/index.mjs
Module not found: Can't resolve '@react-email/render' in '/opt/livekit1/frontend/node_modules/resend/dist'

Import trace for requested module:
./node_modules/resend/dist/index.mjs
./lib/email.ts
./auth.ts
 ⚠ ./node_modules/resend/dist/index.mjs
Module not found: Can't resolve '@react-email/render' in '/opt/livekit1/frontend/node_modules/resend/dist'

Import trace for requested module:
./node_modules/resend/dist/index.mjs
./lib/email.ts
./auth.ts
[33m[auth][warn][debug-enabled][0m Read more: https://warnings.authjs.dev
 GET /api/auth/session 200 in 1441ms
 GET /api/auth/session 200 in 1322ms
 GET /api/auth/session 200 in 1447ms
 GET /api/auth/session 200 in 1451ms
 GET /api/user/agents 200 in 1148ms
 GET /api/user/agents 200 in 1569ms
 GET /api/auth/session 200 in 91ms
 GET /api/auth/session 200 in 77ms
 GET /api/auth/session 200 in 80ms
 GET /api/auth/session 200 in 83ms
 GET /api/auth/session 200 in 87ms
 GET /api/auth/session 200 in 76ms
Error: Route "/api/user/agents/[id]/livekit-info" used `params.id`. `params` should be awaited before using its properties. Learn more: https://nextjs.org/docs/messages/sync-dynamic-apis
    at GET (app/api/user/agents/[id]/livekit-info/route.ts:27:28)
  25 |     }
  26 |
> 27 |     const agentId = params.id;
     |                            ^
  28 |
  29 |     // Forward to Flask backend
  30 |     const response = await fetch(`${BACKEND_URL}/api/user/agents/${agentId}/livekit-info`, {
 GET /api/user/agents/7b885e98-8cfe-4d8a-947c-9eb24ad678e0/livekit-info 200 in 385ms
 GET /api/auth/session 200 in 125ms
 GET /api/auth/session 200 in 149ms
 GET /api/auth/session 200 in 154ms
 GET /api/auth/session 200 in 50ms
 Middleware check: /.env, session: NONE
 GET /.env 404 in 189ms
 Middleware check: /tmp/.env.key, session: NONE
 GET /tmp/.env.key 404 in 80ms
 GET /api/auth/session 200 in 93ms
 GET /api/auth/session 200 in 41ms
 GET /api/auth/session 200 in 59ms
Error: Route "/api/user/agents/[id]/livekit-info" used `params.id`. `params` should be awaited before using its properties. Learn more: https://nextjs.org/docs/messages/sync-dynamic-apis
    at GET (app/api/user/agents/[id]/livekit-info/route.ts:27:28)
  25 |     }
  26 |
> 27 |     const agentId = params.id;
     |                            ^
  28 |
  29 |     // Forward to Flask backend
  30 |     const response = await fetch(`${BACKEND_URL}/api/user/agents/${agentId}/livekit-info`, {
 GET /api/auth/session 200 in 630ms
 GET /api/user/agents/7b885e98-8cfe-4d8a-947c-9eb24ad678e0/livekit-info 200 in 673ms
 GET /api/auth/session 200 in 124ms
 GET /api/auth/session 200 in 114ms
Error: Route "/api/user/agents/[id]/livekit-info" used `params.id`. `params` should be awaited before using its properties. Learn more: https://nextjs.org/docs/messages/sync-dynamic-apis
    at GET (app/api/user/agents/[id]/livekit-info/route.ts:27:28)
  25 |     }
  26 |
> 27 |     const agentId = params.id;
     |                            ^
  28 |
  29 |     // Forward to Flask backend
  30 |     const response = await fetch(`${BACKEND_URL}/api/user/agents/${agentId}/livekit-info`, {
 GET /api/user/agents/7b885e98-8cfe-4d8a-947c-9eb24ad678e0/livekit-info 200 in 590ms
 GET /api/auth/session 200 in 211ms
 GET /api/auth/session 200 in 242ms
 GET /api/auth/session 200 in 272ms
 GET /api/auth/session 200 in 87ms
 Middleware check: /dashboard/phone-numbers, session: giraud.eric@gmail.com
✅ User giraud.eric@gmail.com - has active subscription
 GET /dashboard/phone-numbers 200 in 110ms
 GET /api/auth/session 200 in 176ms
 POST /api/user/calls/test-outbound 404 in 184ms
 GET /api/auth/session 200 in 71ms
 GET /api/auth/session 200 in 77ms
 GET /api/auth/session 200 in 38ms
 GET /api/auth/session 200 in 36ms
 GET /api/auth/session 200 in 95ms
Error: Route "/api/user/agents/[id]/livekit-info" used `params.id`. `params` should be awaited before using its properties. Learn more: https://nextjs.org/docs/messages/sync-dynamic-apis
    at GET (app/api/user/agents/[id]/livekit-info/route.ts:27:28)
  25 |     }
  26 |
> 27 |     const agentId = params.id;
     |                            ^
  28 |
  29 |     // Forward to Flask backend
  30 |     const response = await fetch(`${BACKEND_URL}/api/user/agents/${agentId}/livekit-info`, {
 GET /api/auth/session 200 in 539ms
 GET /api/user/agents/7b885e98-8cfe-4d8a-947c-9eb24ad678e0/livekit-info 200 in 550ms
 GET /api/auth/session 200 in 118ms
 GET /api/auth/session 200 in 132ms
 GET /api/auth/session 200 in 98ms
 Middleware check: /dashboard/phone-numbers, session: giraud.eric@gmail.com
✅ User giraud.eric@gmail.com - has active subscription
 GET /dashboard/phone-numbers 200 in 455ms
 GET /favicon.ico 200 in 23ms
 GET /api/auth/session 200 in 75ms
 GET /api/auth/session 200 in 134ms
 Middleware check: /_next/webpack-hmr, session: giraud.eric@gmail.com
 GET /api/auth/session 200 in 132ms
 GET /api/auth/session 200 in 134ms
 GET /api/user/phone-numbers 200 in 309ms
 GET /_next/webpack-hmr 404 in 239ms
 GET /api/auth/session 200 in 87ms
 GET /api/auth/session 200 in 127ms
 GET /api/auth/session 200 in 131ms
 GET /api/auth/session 200 in 134ms
 GET /api/auth/session 200 in 136ms
 GET /api/auth/session 200 in 79ms
 GET /api/user/phone-numbers 200 in 156ms
 GET /api/auth/session 200 in 148ms
 GET /api/auth/session 200 in 180ms
 GET /api/auth/session 200 in 182ms
 GET /api/auth/session 200 in 1105ms
 GET /api/auth/session 200 in 1575ms
 GET /api/user/phone-numbers 200 in 1605ms
 GET /api/auth/session 200 in 112ms
 GET /api/auth/session 200 in 126ms
 GET /api/auth/session 200 in 127ms
 GET /api/auth/session 200 in 28ms
 GET /api/auth/session 200 in 34ms
 GET /api/auth/session 200 in 43ms
 GET /api/auth/session 200 in 90ms
 GET /api/auth/session 200 in 93ms
 GET /api/auth/session 200 in 98ms
 GET /api/user/agents 200 in 150ms
 GET /api/auth/session 200 in 223ms
 GET /api/auth/session 200 in 206ms
 GET /api/auth/session 200 in 210ms
 GET /api/auth/session 200 in 242ms
 GET /api/user/agents 200 in 307ms
 GET /api/auth/session 200 in 38ms
 GET /api/auth/session 200 in 27ms
 Middleware check: /dashboard/phone-numbers, session: giraud.eric@gmail.com
✅ User giraud.eric@gmail.com - has active subscription
 GET /dashboard/phone-numbers 200 in 108ms
 Middleware check: /dashboard/phone-numbers, session: giraud.eric@gmail.com
✅ User giraud.eric@gmail.com - has active subscription
 GET /dashboard/phone-numbers 200 in 42ms
 Middleware check: /dashboard/phone-numbers, session: giraud.eric@gmail.com
✅ User giraud.eric@gmail.com - has active subscription
 GET /dashboard/phone-numbers 200 in 52ms
 GET /api/auth/session 200 in 112ms
Error: Route "/api/user/agents/[id]/livekit-info" used `params.id`. `params` should be awaited before using its properties. Learn more: https://nextjs.org/docs/messages/sync-dynamic-apis
    at GET (app/api/user/agents/[id]/livekit-info/route.ts:27:28)
  25 |     }
  26 |
> 27 |     const agentId = params.id;
     |                            ^
  28 |
  29 |     // Forward to Flask backend
  30 |     const response = await fetch(`${BACKEND_URL}/api/user/agents/${agentId}/livekit-info`, {
 GET /api/user/agents/7b885e98-8cfe-4d8a-947c-9eb24ad678e0/livekit-info 200 in 601ms
 GET /api/auth/session 200 in 111ms
 GET /api/auth/session 200 in 149ms
 GET /api/auth/session 200 in 153ms
 GET /api/auth/session 200 in 157ms
 Middleware check: /dashboard/agents, session: giraud.eric@gmail.com
✅ User giraud.eric@gmail.com - has active subscription
 ⚠ ./node_modules/resend/dist/index.mjs
Module not found: Can't resolve '@react-email/render' in '/opt/livekit1/frontend/node_modules/resend/dist'

Import trace for requested module:
./node_modules/resend/dist/index.mjs
./lib/email.ts
./auth.ts
 Middleware check: /dashboard/phone-numbers, session: giraud.eric@gmail.com
✅ User giraud.eric@gmail.com - has active subscription
 ⚠ ./node_modules/resend/dist/index.mjs
Module not found: Can't resolve '@react-email/render' in '/opt/livekit1/frontend/node_modules/resend/dist'

Import trace for requested module:
./node_modules/resend/dist/index.mjs
./lib/email.ts
./auth.ts
 ⚠ ./node_modules/resend/dist/index.mjs
Module not found: Can't resolve '@react-email/render' in '/opt/livekit1/frontend/node_modules/resend/dist'

Import trace for requested module:
./node_modules/resend/dist/index.mjs
./lib/email.ts
./auth.ts
 ⚠ ./node_modules/resend/dist/index.mjs
Module not found: Can't resolve '@react-email/render' in '/opt/livekit1/frontend/node_modules/resend/dist'

Import trace for requested module:
./node_modules/resend/dist/index.mjs
./lib/email.ts
./auth.ts
 GET /dashboard/agents 200 in 5970ms
 GET /dashboard/phone-numbers 200 in 3090ms
 Middleware check: /dashboard/agents, session: giraud.eric@gmail.com
✅ User giraud.eric@gmail.com - has active subscription
 GET /dashboard/agents 200 in 41ms
 GET /favicon.ico 200 in 55ms
[33m[auth][warn][debug-enabled][0m Read more: https://warnings.authjs.dev
 GET /api/auth/session 200 in 159ms
 Middleware check: /_next/webpack-hmr, session: giraud.eric@gmail.com
 GET /_next/webpack-hmr 404 in 206ms
 GET /api/auth/session 200 in 113ms
 GET /api/auth/session 200 in 115ms
 GET /api/auth/session 200 in 116ms
 GET /api/user/phone-numbers 200 in 135ms
 GET /api/auth/session 200 in 204ms
 GET /api/auth/session 200 in 103ms
 GET /api/auth/session 200 in 123ms
 GET /api/auth/session 200 in 128ms
 GET /api/auth/session 200 in 132ms
 GET /api/auth/session 200 in 153ms
 GET /api/user/phone-numbers 200 in 170ms
 GET /api/auth/session 200 in 135ms
 GET /api/auth/session 200 in 129ms
 GET /api/auth/session 200 in 103ms
 GET /api/auth/session 200 in 77ms
 GET /api/auth/session 200 in 84ms
 GET /api/auth/session 200 in 111ms
 GET /api/auth/session 200 in 147ms
 GET /api/auth/session 200 in 132ms
 GET /api/user/phone-numbers 200 in 52ms
 GET /api/auth/session 200 in 46ms
 GET /api/auth/session 200 in 41ms
 GET /api/auth/session 200 in 138ms
 GET /api/auth/session 200 in 146ms
 GET /api/user/agents 200 in 171ms
 GET /api/auth/session 200 in 153ms
 GET /api/auth/session 200 in 155ms
 GET /api/auth/session 200 in 142ms
 GET /api/auth/session 200 in 156ms
 GET /api/auth/session 200 in 141ms
 GET /api/auth/session 200 in 146ms
 GET /api/user/agents 200 in 164ms
 GET /api/auth/session 200 in 157ms
 GET /api/auth/session 200 in 166ms
 Middleware check: /dashboard/phone-numbers, session: giraud.eric@gmail.com
✅ User giraud.eric@gmail.com - has active subscription
 GET /dashboard/phone-numbers 200 in 46ms
 GET /api/auth/session 200 in 97ms
 GET /api/auth/session 200 in 50ms
 GET /api/auth/session 200 in 54ms
Error: Route "/api/user/agents/[id]/livekit-info" used `params.id`. `params` should be awaited before using its properties. Learn more: https://nextjs.org/docs/messages/sync-dynamic-apis
    at GET (app/api/user/agents/[id]/livekit-info/route.ts:27:28)
  25 |     }
  26 |
> 27 |     const agentId = params.id;
     |                            ^
  28 |
  29 |     // Forward to Flask backend
  30 |     const response = await fetch(`${BACKEND_URL}/api/user/agents/${agentId}/livekit-info`, {
 GET /api/user/agents/7b885e98-8cfe-4d8a-947c-9eb24ad678e0/livekit-info 200 in 475ms
 GET /api/auth/session 200 in 476ms
 GET /api/auth/session 200 in 479ms
 GET /api/auth/session 200 in 91ms
Error: Route "/api/user/agents/[id]/livekit-info" used `params.id`. `params` should be awaited before using its properties. Learn more: https://nextjs.org/docs/messages/sync-dynamic-apis
    at GET (app/api/user/agents/[id]/livekit-info/route.ts:27:28)
  25 |     }
  26 |
> 27 |     const agentId = params.id;
     |                            ^
  28 |
  29 |     // Forward to Flask backend
  30 |     const response = await fetch(`${BACKEND_URL}/api/user/agents/${agentId}/livekit-info`, {
 GET /api/user/agents/7b885e98-8cfe-4d8a-947c-9eb24ad678e0/livekit-info 200 in 667ms
 GET /api/auth/session 200 in 88ms
 GET /api/auth/session 200 in 96ms
 GET /api/auth/session 200 in 108ms
 GET /api/auth/session 200 in 154ms
 GET /api/auth/session 200 in 116ms
 GET /api/auth/session 200 in 54ms
Error: Route "/api/user/agents/[id]/livekit-info" used `params.id`. `params` should be awaited before using its properties. Learn more: https://nextjs.org/docs/messages/sync-dynamic-apis
    at GET (app/api/user/agents/[id]/livekit-info/route.ts:27:28)
  25 |     }
  26 |
> 27 |     const agentId = params.id;
     |                            ^
  28 |
  29 |     // Forward to Flask backend
  30 |     const response = await fetch(`${BACKEND_URL}/api/user/agents/${agentId}/livekit-info`, {
 GET /api/auth/session 200 in 555ms
 GET /api/auth/session 200 in 560ms
 GET /api/user/agents/7b885e98-8cfe-4d8a-947c-9eb24ad678e0/livekit-info 200 in 576ms
 GET /api/auth/session 200 in 174ms
 ⚠ ./node_modules/resend/dist/index.mjs
Module not found: Can't resolve '@react-email/render' in '/opt/livekit1/frontend/node_modules/resend/dist'

Import trace for requested module:
./node_modules/resend/dist/index.mjs
./lib/email.ts
./auth.ts
 Middleware check: /dashboard/phone-numbers, session: giraud.eric@gmail.com
✅ User giraud.eric@gmail.com - has active subscription
 ⚠ ./node_modules/resend/dist/index.mjs
Module not found: Can't resolve '@react-email/render' in '/opt/livekit1/frontend/node_modules/resend/dist'

Import trace for requested module:
./node_modules/resend/dist/index.mjs
./lib/email.ts
./auth.ts
 ⚠ ./node_modules/resend/dist/index.mjs
Module not found: Can't resolve '@react-email/render' in '/opt/livekit1/frontend/node_modules/resend/dist'

Import trace for requested module:
./node_modules/resend/dist/index.mjs
./lib/email.ts
./auth.ts
[33m[auth][warn][debug-enabled][0m Read more: https://warnings.authjs.dev
 GET /dashboard/phone-numbers 200 in 4371ms
 GET /api/auth/session 200 in 896ms
Error: Route "/api/user/agents/[id]/livekit-info" used `params.id`. `params` should be awaited before using its properties. Learn more: https://nextjs.org/docs/messages/sync-dynamic-apis
    at GET (app/api/user/agents/[id]/livekit-info/route.ts:27:28)
  25 |     }
  26 |
> 27 |     const agentId = params.id;
     |                            ^
  28 |
  29 |     // Forward to Flask backend
  30 |     const response = await fetch(`${BACKEND_URL}/api/user/agents/${agentId}/livekit-info`, {
 GET /api/user/agents/7b885e98-8cfe-4d8a-947c-9eb24ad678e0/livekit-info 200 in 754ms
 GET /api/auth/session 200 in 475ms
 GET /api/auth/session 200 in 396ms
 GET /api/auth/session 200 in 358ms
 ⚠ ./node_modules/resend/dist/index.mjs
Module not found: Can't resolve '@react-email/render' in '/opt/livekit1/frontend/node_modules/resend/dist'

Import trace for requested module:
./node_modules/resend/dist/index.mjs
./lib/email.ts
./auth.ts
 Middleware check: /_next/webpack-hmr, session: giraud.eric@gmail.com
 ⚠ ./node_modules/resend/dist/index.mjs
Module not found: Can't resolve '@react-email/render' in '/opt/livekit1/frontend/node_modules/resend/dist'

Import trace for requested module:
./node_modules/resend/dist/index.mjs
./lib/email.ts
./auth.ts
 GET /favicon.ico 200 in 2128ms
[33m[auth][warn][debug-enabled][0m Read more: https://warnings.authjs.dev
 GET /api/auth/session 200 in 2284ms
 GET /_next/webpack-hmr 404 in 2044ms
 ⚠ ./node_modules/resend/dist/index.mjs
Module not found: Can't resolve '@react-email/render' in '/opt/livekit1/frontend/node_modules/resend/dist'

Import trace for requested module:
./node_modules/resend/dist/index.mjs
./lib/email.ts
./auth.ts
 GET /api/auth/session 200 in 91ms
 ⚠ ./node_modules/resend/dist/index.mjs
Module not found: Can't resolve '@react-email/render' in '/opt/livekit1/frontend/node_modules/resend/dist'

Import trace for requested module:
./node_modules/resend/dist/index.mjs
./lib/email.ts
./auth.ts
 ⚠ ./node_modules/resend/dist/index.mjs
Module not found: Can't resolve '@react-email/render' in '/opt/livekit1/frontend/node_modules/resend/dist'

Import trace for requested module:
./node_modules/resend/dist/index.mjs
./lib/email.ts
./auth.ts
 ⚠ ./node_modules/resend/dist/index.mjs
Module not found: Can't resolve '@react-email/render' in '/opt/livekit1/frontend/node_modules/resend/dist'

Import trace for requested module:
./node_modules/resend/dist/index.mjs
./lib/email.ts
./auth.ts
[33m[auth][warn][debug-enabled][0m Read more: https://warnings.authjs.dev
 GET /api/auth/session 200 in 1578ms
 GET /api/auth/session 200 in 1585ms
 GET /api/auth/session 200 in 1588ms
 GET /api/auth/session 200 in 1597ms
 GET /api/auth/session 200 in 1595ms
 GET /api/user/phone-numbers 200 in 3236ms
 GET /api/auth/session 200 in 149ms
 GET /api/auth/session 200 in 159ms
 GET /api/auth/session 200 in 162ms
 GET /api/auth/session 200 in 156ms
 GET /api/auth/session 200 in 166ms
 GET /api/user/phone-numbers 200 in 186ms
 GET /api/auth/session 200 in 68ms
 GET /api/auth/session 200 in 140ms
 GET /api/auth/session 200 in 169ms
 GET /api/auth/session 200 in 138ms
 GET /api/auth/session 200 in 159ms
 GET /api/user/phone-numbers 200 in 184ms
 GET /api/auth/session 200 in 78ms
 GET /api/auth/session 200 in 147ms
 GET /api/auth/session 200 in 35ms
 GET /api/auth/session 200 in 84ms
 GET /api/auth/session 200 in 99ms
 ⚠ ./node_modules/resend/dist/index.mjs
Module not found: Can't resolve '@react-email/render' in '/opt/livekit1/frontend/node_modules/resend/dist'

Import trace for requested module:
./node_modules/resend/dist/index.mjs
./lib/email.ts
./auth.ts
 ⚠ ./node_modules/resend/dist/index.mjs
Module not found: Can't resolve '@react-email/render' in '/opt/livekit1/frontend/node_modules/resend/dist'

Import trace for requested module:
./node_modules/resend/dist/index.mjs
./lib/email.ts
./auth.ts
 ⚠ ./node_modules/resend/dist/index.mjs
Module not found: Can't resolve '@react-email/render' in '/opt/livekit1/frontend/node_modules/resend/dist'

Import trace for requested module:
./node_modules/resend/dist/index.mjs
./lib/email.ts
./auth.ts
 ⚠ ./node_modules/resend/dist/index.mjs
Module not found: Can't resolve '@react-email/render' in '/opt/livekit1/frontend/node_modules/resend/dist'

Import trace for requested module:
./node_modules/resend/dist/index.mjs
./lib/email.ts
./auth.ts
[33m[auth][warn][debug-enabled][0m Read more: https://warnings.authjs.dev
 GET /api/auth/session 200 in 1342ms
 GET /api/auth/session 200 in 1342ms
 GET /api/auth/session 200 in 1345ms
 GET /api/auth/session 200 in 1347ms
 GET /api/auth/session 200 in 1553ms
 GET /api/user/agents 200 in 1580ms
 GET /api/auth/session 200 in 65ms
 GET /api/auth/session 200 in 80ms
 GET /api/auth/session 200 in 84ms
 GET /api/user/agents 200 in 73ms
 GET /api/auth/session 200 in 70ms
 GET /api/auth/session 200 in 83ms
 GET /api/auth/session 200 in 187ms
 GET /api/auth/session 200 in 238ms
 GET /api/auth/session 200 in 269ms
Error: Route "/api/user/agents/[id]/livekit-info" used `params.id`. `params` should be awaited before using its properties. Learn more: https://nextjs.org/docs/messages/sync-dynamic-apis
    at GET (app/api/user/agents/[id]/livekit-info/route.ts:27:28)
  25 |     }
  26 |
> 27 |     const agentId = params.id;
     |                            ^
  28 |
  29 |     // Forward to Flask backend
  30 |     const response = await fetch(`${BACKEND_URL}/api/user/agents/${agentId}/livekit-info`, {
 GET /api/user/agents/7b885e98-8cfe-4d8a-947c-9eb24ad678e0/livekit-info 200 in 633ms
 ⚠ ./node_modules/resend/dist/index.mjs
Module not found: Can't resolve '@react-email/render' in '/opt/livekit1/frontend/node_modules/resend/dist'

Import trace for requested module:
./node_modules/resend/dist/index.mjs
./lib/email.ts
./auth.ts
[33m[auth][warn][debug-enabled][0m Read more: https://warnings.authjs.dev
 GET /api/auth/session 200 in 252ms
 GET /api/auth/session 200 in 42ms
 GET /api/auth/session 200 in 93ms
Error: Route "/api/user/agents/[id]/livekit-info" used `params.id`. `params` should be awaited before using its properties. Learn more: https://nextjs.org/docs/messages/sync-dynamic-apis
    at GET (app/api/user/agents/[id]/livekit-info/route.ts:27:28)
  25 |     }
  26 |
> 27 |     const agentId = params.id;
     |                            ^
  28 |
  29 |     // Forward to Flask backend
  30 |     const response = await fetch(`${BACKEND_URL}/api/user/agents/${agentId}/livekit-info`, {
 GET /api/user/agents/7b885e98-8cfe-4d8a-947c-9eb24ad678e0/livekit-info 200 in 484ms
 GET /api/auth/session 200 in 148ms
 GET /api/auth/session 200 in 82ms
 Middleware check: /dashboard/phone-numbers, session: giraud.eric@gmail.com
✅ User giraud.eric@gmail.com - has active subscription
 ⚠ ./node_modules/resend/dist/index.mjs
Module not found: Can't resolve '@react-email/render' in '/opt/livekit1/frontend/node_modules/resend/dist'

Import trace for requested module:
./node_modules/resend/dist/index.mjs
./lib/email.ts
./auth.ts
 ⚠ ./node_modules/resend/dist/index.mjs
Module not found: Can't resolve '@react-email/render' in '/opt/livekit1/frontend/node_modules/resend/dist'

Import trace for requested module:
./node_modules/resend/dist/index.mjs
./lib/email.ts
./auth.ts
 GET /dashboard/phone-numbers 200 in 3661ms
 ⚠ ./node_modules/resend/dist/index.mjs
Module not found: Can't resolve '@react-email/render' in '/opt/livekit1/frontend/node_modules/resend/dist'

Import trace for requested module:
./node_modules/resend/dist/index.mjs
./lib/email.ts
./auth.ts
 ⚠ ./node_modules/resend/dist/index.mjs
Module not found: Can't resolve '@react-email/render' in '/opt/livekit1/frontend/node_modules/resend/dist'

Import trace for requested module:
./node_modules/resend/dist/index.mjs
./lib/email.ts
./auth.ts
 Middleware check: /_next/webpack-hmr, session: giraud.eric@gmail.com
 ⚠ ./node_modules/resend/dist/index.mjs
Module not found: Can't resolve '@react-email/render' in '/opt/livekit1/frontend/node_modules/resend/dist'

Import trace for requested module:
./node_modules/resend/dist/index.mjs
./lib/email.ts
./auth.ts
 ⚠ ./node_modules/resend/dist/index.mjs
Module not found: Can't resolve '@react-email/render' in '/opt/livekit1/frontend/node_modules/resend/dist'

Import trace for requested module:
./node_modules/resend/dist/index.mjs
./lib/email.ts
./auth.ts
 GET /favicon.ico 200 in 5822ms
[33m[auth][warn][debug-enabled][0m Read more: https://warnings.authjs.dev
 GET /_next/webpack-hmr 404 in 5444ms
 GET /api/auth/session 200 in 5811ms
 ⚠ ./node_modules/resend/dist/index.mjs
Module not found: Can't resolve '@react-email/render' in '/opt/livekit1/frontend/node_modules/resend/dist'

Import trace for requested module:
./node_modules/resend/dist/index.mjs
./lib/email.ts
./auth.ts
 ⚠ ./node_modules/resend/dist/index.mjs
Module not found: Can't resolve '@react-email/render' in '/opt/livekit1/frontend/node_modules/resend/dist'

Import trace for requested module:
./node_modules/resend/dist/index.mjs
./lib/email.ts
./auth.ts
 ⚠ ./node_modules/resend/dist/index.mjs
Module not found: Can't resolve '@react-email/render' in '/opt/livekit1/frontend/node_modules/resend/dist'

Import trace for requested module:
./node_modules/resend/dist/index.mjs
./lib/email.ts
./auth.ts
 ⚠ ./node_modules/resend/dist/index.mjs
Module not found: Can't resolve '@react-email/render' in '/opt/livekit1/frontend/node_modules/resend/dist'

Import trace for requested module:
./node_modules/resend/dist/index.mjs
./lib/email.ts
./auth.ts
[33m[auth][warn][debug-enabled][0m Read more: https://warnings.authjs.dev
 GET /api/auth/session 200 in 2926ms
 GET /api/auth/session 200 in 2913ms
 GET /api/auth/session 200 in 2949ms
 GET /api/user/phone-numbers 200 in 2978ms
 GET /api/auth/session 200 in 73ms
 GET /api/auth/session 200 in 58ms
 GET /api/auth/session 200 in 69ms
 GET /api/auth/session 200 in 71ms
 GET /api/auth/session 200 in 124ms
 GET /api/auth/session 200 in 148ms
 GET /api/auth/session 200 in 223ms
 GET /api/auth/session 200 in 232ms
 GET /api/user/phone-numbers 200 in 250ms
 GET /api/auth/session 200 in 59ms
 GET /api/auth/session 200 in 79ms
 GET /api/auth/session 200 in 82ms
 GET /api/user/phone-numbers 200 in 191ms
 GET /api/auth/session 200 in 176ms
 GET /api/auth/session 200 in 165ms
 GET /api/auth/session 200 in 143ms
 GET /api/auth/session 200 in 69ms
 GET /api/auth/session 200 in 60ms
 GET /api/auth/session 200 in 188ms
 ⚠ ./node_modules/resend/dist/index.mjs
Module not found: Can't resolve '@react-email/render' in '/opt/livekit1/frontend/node_modules/resend/dist'

Import trace for requested module:
./node_modules/resend/dist/index.mjs
./lib/email.ts
./auth.ts
 GET /api/auth/session 200 in 145ms
 ⚠ ./node_modules/resend/dist/index.mjs
Module not found: Can't resolve '@react-email/render' in '/opt/livekit1/frontend/node_modules/resend/dist'

Import trace for requested module:
./node_modules/resend/dist/index.mjs
./lib/email.ts
./auth.ts
 ⚠ ./node_modules/resend/dist/index.mjs
Module not found: Can't resolve '@react-email/render' in '/opt/livekit1/frontend/node_modules/resend/dist'

Import trace for requested module:
./node_modules/resend/dist/index.mjs
./lib/email.ts
./auth.ts
 ⚠ ./node_modules/resend/dist/index.mjs
Module not found: Can't resolve '@react-email/render' in '/opt/livekit1/frontend/node_modules/resend/dist'

Import trace for requested module:
./node_modules/resend/dist/index.mjs
./lib/email.ts
./auth.ts
[33m[auth][warn][debug-enabled][0m Read more: https://warnings.authjs.dev
 GET /api/auth/session 200 in 1382ms
 GET /api/auth/session 200 in 970ms
 GET /api/auth/session 200 in 973ms
 GET /api/auth/session 200 in 976ms
 GET /api/auth/session 200 in 1416ms
 GET /api/user/agents 200 in 1452ms
 GET /api/auth/session 200 in 100ms
 GET /api/auth/session 200 in 87ms
 GET /api/user/agents 200 in 72ms
 GET /api/auth/session 200 in 36ms
 GET /api/auth/session 200 in 120ms
Error: Route "/api/user/agents/[id]/livekit-info" used `params.id`. `params` should be awaited before using its properties. Learn more: https://nextjs.org/docs/messages/sync-dynamic-apis
    at GET (app/api/user/agents/[id]/livekit-info/route.ts:27:28)
  25 |     }
  26 |
> 27 |     const agentId = params.id;
     |                            ^
  28 |
  29 |     // Forward to Flask backend
  30 |     const response = await fetch(`${BACKEND_URL}/api/user/agents/${agentId}/livekit-info`, {
 GET /api/user/agents/7b885e98-8cfe-4d8a-947c-9eb24ad678e0/livekit-info 200 in 527ms
 GET /api/auth/session 200 in 97ms
 GET /api/auth/session 200 in 166ms
 GET /api/auth/session 200 in 169ms
 GET /api/auth/session 200 in 106ms
 Middleware check: /dashboard/phone-numbers, session: giraud.eric@gmail.com
✅ User giraud.eric@gmail.com - has active subscription
 GET /dashboard/phone-numbers 200 in 479ms
 GET /favicon.ico 200 in 51ms
 GET /api/auth/session 200 in 108ms
 GET /api/auth/session 200 in 95ms
 Middleware check: /_next/webpack-hmr, session: giraud.eric@gmail.com
 GET /api/auth/session 200 in 114ms
 GET /api/auth/session 200 in 117ms
 GET /_next/webpack-hmr 404 in 206ms
 GET /api/auth/session 200 in 203ms
 GET /api/auth/session 200 in 214ms
 GET /api/auth/session 200 in 218ms
 GET /api/user/phone-numbers 200 in 275ms
 GET /api/auth/session 200 in 258ms
 GET /api/auth/session 200 in 262ms
 GET /api/auth/session 200 in 135ms
 GET /api/user/phone-numbers 200 in 166ms
 GET /api/auth/session 200 in 158ms
 GET /api/auth/session 200 in 100ms
 GET /api/auth/session 200 in 86ms
 GET /api/user/phone-numbers 200 in 127ms
 GET /api/auth/session 200 in 83ms
 GET /api/auth/session 200 in 158ms
 GET /api/auth/session 200 in 100ms
 GET /api/auth/session 200 in 110ms
 GET /api/auth/session 200 in 122ms
 GET /api/auth/session 200 in 123ms
 GET /api/auth/session 200 in 57ms
 GET /api/auth/session 200 in 74ms
 GET /api/auth/session 200 in 34ms
 GET /api/auth/session 200 in 57ms
 GET /api/user/agents 200 in 113ms
 GET /api/auth/session 200 in 80ms
 GET /api/auth/session 200 in 87ms
 GET /api/user/agents 200 in 131ms
 GET /api/auth/session 200 in 108ms
 GET /api/auth/session 200 in 151ms
 GET /api/auth/session 200 in 195ms
 GET /api/auth/session 200 in 184ms
 GET /api/auth/session 200 in 27ms
 GET /api/auth/session 200 in 92ms
 POST /api/user/calls/test-outbound 404 in 110ms
 GET /api/auth/session 200 in 64ms
 GET /api/auth/session 200 in 61ms
 GET /api/auth/session 200 in 100ms
 GET /api/auth/session 200 in 31ms
 GET /api/auth/session 200 in 919ms
 POST /api/user/calls/test-outbound 404 in 85ms
 GET /api/auth/session 200 in 81ms
 GET /api/auth/session 200 in 88ms
 GET /api/auth/session 200 in 85ms
 GET /api/auth/session 200 in 93ms
 GET /api/auth/session 200 in 83ms
Error: Route "/api/user/agents/[id]/livekit-info" used `params.id`. `params` should be awaited before using its properties. Learn more: https://nextjs.org/docs/messages/sync-dynamic-apis
    at GET (app/api/user/agents/[id]/livekit-info/route.ts:27:28)
  25 |     }
  26 |
> 27 |     const agentId = params.id;
     |                            ^
  28 |
  29 |     // Forward to Flask backend
  30 |     const response = await fetch(`${BACKEND_URL}/api/user/agents/${agentId}/livekit-info`, {
 GET /api/user/agents/7b885e98-8cfe-4d8a-947c-9eb24ad678e0/livekit-info 200 in 668ms
 GET /api/auth/session 200 in 149ms
 GET /api/auth/session 200 in 175ms
 GET /api/auth/session 200 in 179ms
 GET /api/auth/session 200 in 56ms
 LOCALHOST BYPASS ENABLED
 POST /api/user/calls/test-outbound 404 in 122ms
 GET /api/auth/session 200 in 92ms
Error: Route "/api/user/agents/[id]/livekit-info" used `params.id`. `params` should be awaited before using its properties. Learn more: https://nextjs.org/docs/messages/sync-dynamic-apis
    at GET (app/api/user/agents/[id]/livekit-info/route.ts:27:28)
  25 |     }
  26 |
> 27 |     const agentId = params.id;
     |                            ^
  28 |
  29 |     // Forward to Flask backend
  30 |     const response = await fetch(`${BACKEND_URL}/api/user/agents/${agentId}/livekit-info`, {
 GET /api/user/agents/7b885e98-8cfe-4d8a-947c-9eb24ad678e0/livekit-info 200 in 592ms
 GET /api/auth/session 200 in 234ms
 GET /api/auth/session 200 in 283ms
 GET /api/auth/session 200 in 289ms
 GET /api/auth/session 200 in 69ms
 GET /api/auth/session 200 in 118ms
Error: Route "/api/user/agents/[id]/livekit-info" used `params.id`. `params` should be awaited before using its properties. Learn more: https://nextjs.org/docs/messages/sync-dynamic-apis
    at GET (app/api/user/agents/[id]/livekit-info/route.ts:27:28)
  25 |     }
  26 |
> 27 |     const agentId = params.id;
     |                            ^
  28 |
  29 |     // Forward to Flask backend
  30 |     const response = await fetch(`${BACKEND_URL}/api/user/agents/${agentId}/livekit-info`, {
 GET /api/user/agents/7b885e98-8cfe-4d8a-947c-9eb24ad678e0/livekit-info 200 in 859ms
 GET /api/auth/session 200 in 159ms
 GET /api/auth/session 200 in 178ms
 GET /api/auth/session 200 in 182ms
 GET /api/auth/session 200 in 109ms
 GET /api/auth/session 200 in 83ms
Error: Route "/api/user/agents/[id]/livekit-info" used `params.id`. `params` should be awaited before using its properties. Learn more: https://nextjs.org/docs/messages/sync-dynamic-apis
    at GET (app/api/user/agents/[id]/livekit-info/route.ts:27:28)
  25 |     }
  26 |
> 27 |     const agentId = params.id;
     |                            ^
  28 |
  29 |     // Forward to Flask backend
  30 |     const response = await fetch(`${BACKEND_URL}/api/user/agents/${agentId}/livekit-info`, {
 GET /api/user/agents/7b885e98-8cfe-4d8a-947c-9eb24ad678e0/livekit-info 200 in 493ms
 GET /api/auth/session 200 in 205ms
 GET /api/auth/session 200 in 217ms
 GET /api/auth/session 200 in 223ms
 GET /api/auth/session 200 in 58ms
 ⚠ ./node_modules/resend/dist/index.mjs
Module not found: Can't resolve '@react-email/render' in '/opt/livekit1/frontend/node_modules/resend/dist'

Import trace for requested module:
./node_modules/resend/dist/index.mjs
./lib/email.ts
./auth.ts
 ⚠ ./node_modules/resend/dist/index.mjs
Module not found: Can't resolve '@react-email/render' in '/opt/livekit1/frontend/node_modules/resend/dist'

Import trace for requested module:
./node_modules/resend/dist/index.mjs
./lib/email.ts
./auth.ts
 LOCALHOST BYPASS ENABLED
 ⚠ ./node_modules/resend/dist/index.mjs
Module not found: Can't resolve '@react-email/render' in '/opt/livekit1/frontend/node_modules/resend/dist'

Import trace for requested module:
./node_modules/resend/dist/index.mjs
./lib/email.ts
./auth.ts
 ⚠ ./node_modules/resend/dist/index.mjs
Module not found: Can't resolve '@react-email/render' in '/opt/livekit1/frontend/node_modules/resend/dist'

Import trace for requested module:
./node_modules/resend/dist/index.mjs
./lib/email.ts
./auth.ts
 POST /api/user/calls/test-outbound 404 in 637ms
[33m[auth][warn][debug-enabled][0m Read more: https://warnings.authjs.dev
 GET /api/auth/session 200 in 184ms
 GET /api/auth/session 200 in 44ms
 GET /api/auth/session 200 in 188ms
Error: Route "/api/user/agents/[id]/livekit-info" used `params.id`. `params` should be awaited before using its properties. Learn more: https://nextjs.org/docs/messages/sync-dynamic-apis
    at GET (app/api/user/agents/[id]/livekit-info/route.ts:27:28)
  25 |     }
  26 |
> 27 |     const agentId = params.id;
     |                            ^
  28 |
  29 |     // Forward to Flask backend
  30 |     const response = await fetch(`${BACKEND_URL}/api/user/agents/${agentId}/livekit-info`, {
 GET /api/user/agents/7b885e98-8cfe-4d8a-947c-9eb24ad678e0/livekit-info 200 in 531ms
 GET /api/auth/session 200 in 486ms
 GET /api/auth/session 200 in 104ms
 Middleware check: /dashboard/phone-numbers, session: giraud.eric@gmail.com
✅ User giraud.eric@gmail.com - has active subscription
 ⚠ ./node_modules/resend/dist/index.mjs
Module not found: Can't resolve '@react-email/render' in '/opt/livekit1/frontend/node_modules/resend/dist'

Import trace for requested module:
./node_modules/resend/dist/index.mjs
./lib/email.ts
./auth.ts
 ⚠ ./node_modules/resend/dist/index.mjs
Module not found: Can't resolve '@react-email/render' in '/opt/livekit1/frontend/node_modules/resend/dist'

Import trace for requested module:
./node_modules/resend/dist/index.mjs
./lib/email.ts
./auth.ts
 GET /dashboard/phone-numbers 200 in 2806ms
 ⚠ ./node_modules/resend/dist/index.mjs
Module not found: Can't resolve '@react-email/render' in '/opt/livekit1/frontend/node_modules/resend/dist'

Import trace for requested module:
./node_modules/resend/dist/index.mjs
./lib/email.ts
./auth.ts
 Middleware check: /_next/webpack-hmr, session: giraud.eric@gmail.com
 ⚠ ./node_modules/resend/dist/index.mjs
Module not found: Can't resolve '@react-email/render' in '/opt/livekit1/frontend/node_modules/resend/dist'

Import trace for requested module:
./node_modules/resend/dist/index.mjs
./lib/email.ts
./auth.ts
[33m[auth][warn][debug-enabled][0m Read more: https://warnings.authjs.dev
 GET /favicon.ico 200 in 8230ms
 GET /_next/webpack-hmr 404 in 7772ms
 GET /api/auth/session 200 in 8007ms
 GET /api/auth/session 200 in 7904ms
 GET /api/auth/session 200 in 7857ms
 GET /api/auth/session 200 in 8019ms
 ⚠ ./node_modules/resend/dist/index.mjs
Module not found: Can't resolve '@react-email/render' in '/opt/livekit1/frontend/node_modules/resend/dist'

Import trace for requested module:
./node_modules/resend/dist/index.mjs
./lib/email.ts
./auth.ts
 ⚠ ./node_modules/resend/dist/index.mjs
Module not found: Can't resolve '@react-email/render' in '/opt/livekit1/frontend/node_modules/resend/dist'

Import trace for requested module:
./node_modules/resend/dist/index.mjs
./lib/email.ts
./auth.ts
 ⚠ ./node_modules/resend/dist/index.mjs
Module not found: Can't resolve '@react-email/render' in '/opt/livekit1/frontend/node_modules/resend/dist'

Import trace for requested module:
./node_modules/resend/dist/index.mjs
./lib/email.ts
./auth.ts
 ⚠ ./node_modules/resend/dist/index.mjs
Module not found: Can't resolve '@react-email/render' in '/opt/livekit1/frontend/node_modules/resend/dist'

Import trace for requested module:
./node_modules/resend/dist/index.mjs
./lib/email.ts
./auth.ts
[33m[auth][warn][debug-enabled][0m Read more: https://warnings.authjs.dev
 GET /api/auth/session 200 in 3141ms
 GET /api/auth/session 200 in 3147ms
 GET /api/auth/session 200 in 1774ms
 GET /api/auth/session 200 in 1774ms
 GET /api/auth/session 200 in 3158ms
 GET /api/user/phone-numbers 200 in 3199ms
 GET /api/user/phone-numbers 200 in 194ms
 GET /api/auth/session 200 in 185ms
 GET /api/auth/session 200 in 163ms
 GET /api/user/phone-numbers 200 in 252ms
 GET /api/auth/session 200 in 197ms
 GET /api/auth/session 200 in 174ms
 GET /api/auth/session 200 in 51ms
 GET /api/auth/session 200 in 61ms
 GET /api/auth/session 200 in 109ms
 GET /api/auth/session 200 in 155ms
 GET /api/auth/session 200 in 235ms
 GET /api/auth/session 200 in 236ms
 GET /api/auth/session 200 in 189ms
 ⚠ ./node_modules/resend/dist/index.mjs
Module not found: Can't resolve '@react-email/render' in '/opt/livekit1/frontend/node_modules/resend/dist'

Import trace for requested module:
./node_modules/resend/dist/index.mjs
./lib/email.ts
./auth.ts
 ⚠ ./node_modules/resend/dist/index.mjs
Module not found: Can't resolve '@react-email/render' in '/opt/livekit1/frontend/node_modules/resend/dist'

Import trace for requested module:
./node_modules/resend/dist/index.mjs
./lib/email.ts
./auth.ts
 ⚠ ./node_modules/resend/dist/index.mjs
Module not found: Can't resolve '@react-email/render' in '/opt/livekit1/frontend/node_modules/resend/dist'

Import trace for requested module:
./node_modules/resend/dist/index.mjs
./lib/email.ts
./auth.ts
 ⚠ ./node_modules/resend/dist/index.mjs
Module not found: Can't resolve '@react-email/render' in '/opt/livekit1/frontend/node_modules/resend/dist'

Import trace for requested module:
./node_modules/resend/dist/index.mjs
./lib/email.ts
./auth.ts
[33m[auth][warn][debug-enabled][0m Read more: https://warnings.authjs.dev
 GET /api/auth/session 200 in 1149ms
 GET /api/auth/session 200 in 1151ms
 GET /api/auth/session 200 in 1153ms
 GET /api/auth/session 200 in 1330ms
 GET /api/user/agents 200 in 1036ms
 GET /api/user/agents 200 in 1385ms
 GET /api/auth/session 200 in 97ms
 GET /api/auth/session 200 in 92ms
 GET /api/auth/session 200 in 109ms
 GET /api/auth/session 200 in 113ms
 GET /api/auth/session 200 in 74ms
 GET /api/auth/session 200 in 37ms
 GET /api/auth/session 200 in 86ms
 GET /api/auth/session 200 in 100ms
 GET /api/auth/session 200 in 85ms
 GET /api/auth/session 200 in 95ms
 GET /api/auth/session 200 in 49ms
 POST /api/user/calls/test-outbound 200 in 628ms
 GET /api/auth/session 200 in 89ms
Error: Route "/api/user/agents/[id]/livekit-info" used `params.id`. `params` should be awaited before using its properties. Learn more: https://nextjs.org/docs/messages/sync-dynamic-apis
    at GET (app/api/user/agents/[id]/livekit-info/route.ts:27:28)
  25 |     }
  26 |
> 27 |     const agentId = params.id;
     |                            ^
  28 |
  29 |     // Forward to Flask backend
  30 |     const response = await fetch(`${BACKEND_URL}/api/user/agents/${agentId}/livekit-info`, {
 GET /api/user/agents/7b885e98-8cfe-4d8a-947c-9eb24ad678e0/livekit-info 200 in 433ms
 GET /api/auth/session 200 in 132ms
 GET /api/auth/session 200 in 156ms
 GET /api/auth/session 200 in 162ms
 GET /api/auth/session 200 in 65ms
 Middleware check: /dashboard/calls, session: giraud.eric@gmail.com
✅ User giraud.eric@gmail.com - has active subscription
 ⚠ ./node_modules/resend/dist/index.mjs
Module not found: Can't resolve '@react-email/render' in '/opt/livekit1/frontend/node_modules/resend/dist'

Import trace for requested module:
./node_modules/resend/dist/index.mjs
./lib/email.ts
./auth.ts
 ⚠ ./node_modules/resend/dist/index.mjs
Module not found: Can't resolve '@react-email/render' in '/opt/livekit1/frontend/node_modules/resend/dist'

Import trace for requested module:
./node_modules/resend/dist/index.mjs
./lib/email.ts
./auth.ts
 GET /dashboard/calls 200 in 3191ms
[33m[auth][warn][debug-enabled][0m Read more: https://warnings.authjs.dev
 GET /api/auth/session 200 in 188ms
 GET /api/auth/session 200 in 82ms
 GET /api/auth/session 200 in 98ms
 GET /api/auth/session 200 in 100ms
 GET /api/auth/session 200 in 55ms
 ⚠ ./node_modules/resend/dist/index.mjs
Module not found: Can't resolve '@react-email/render' in '/opt/livekit1/frontend/node_modules/resend/dist'

Import trace for requested module:
./node_modules/resend/dist/index.mjs
./lib/email.ts
./auth.ts
 ⚠ ./node_modules/resend/dist/index.mjs
Module not found: Can't resolve '@react-email/render' in '/opt/livekit1/frontend/node_modules/resend/dist'

Import trace for requested module:
./node_modules/resend/dist/index.mjs
./lib/email.ts
./auth.ts
[33m[auth][warn][debug-enabled][0m Read more: https://warnings.authjs.dev
 GET /api/auth/session 200 in 3724ms
 GET /api/auth/session 200 in 3587ms
 GET /api/auth/session 200 in 3487ms
 GET /api/auth/session 200 in 3736ms
 GET /api/user/call-logs?page=1&limit=20 200 in 3830ms
 GET /api/user/agents 200 in 3663ms
 GET /api/auth/session 200 in 122ms
 GET /api/user/call-logs?page=1&limit=20 200 in 151ms
 GET /api/auth/session 200 in 150ms
 GET /api/auth/session 200 in 121ms
 GET /api/auth/session 200 in 66ms
 GET /api/user/agents 200 in 118ms
 GET /api/auth/session 200 in 60ms
 GET /api/auth/session 200 in 244ms
 GET /api/auth/session 200 in 259ms
 GET /api/auth/session 200 in 68ms
 GET /api/auth/session 200 in 73ms
 GET /api/auth/session 200 in 102ms
 GET /api/auth/session 200 in 24ms
 Middleware check: /dashboard/phone-numbers, session: giraud.eric@gmail.com
✅ User giraud.eric@gmail.com - has active subscription
 GET /dashboard/phone-numbers 200 in 106ms
 GET /api/auth/session 200 in 111ms
 GET /api/auth/session 200 in 53ms
 GET /api/auth/session 200 in 38ms
 GET /api/user/phone-numbers 200 in 110ms
 GET /api/auth/session 200 in 132ms
 GET /api/auth/session 200 in 134ms
 GET /api/auth/session 200 in 133ms
 GET /api/user/phone-numbers 200 in 163ms
 GET /api/auth/session 200 in 89ms
 GET /api/auth/session 200 in 78ms
 GET /api/auth/session 200 in 107ms
 GET /api/auth/session 200 in 124ms
 GET /api/auth/session 200 in 133ms
 GET /api/auth/session 200 in 142ms
 GET /api/user/agents 200 in 205ms
 GET /api/auth/session 200 in 178ms
 GET /api/auth/session 200 in 191ms
 GET /api/auth/session 200 in 201ms
 GET /api/auth/session 200 in 289ms
 GET /api/user/agents 200 in 177ms
 GET /api/auth/session 200 in 117ms
 GET /api/auth/session 200 in 132ms
 GET /api/auth/session 200 in 134ms
 GET /api/auth/session 200 in 35ms
 GET /api/auth/session 200 in 85ms
Error: Route "/api/user/agents/[id]/livekit-info" used `params.id`. `params` should be awaited before using its properties. Learn more: https://nextjs.org/docs/messages/sync-dynamic-apis
    at GET (app/api/user/agents/[id]/livekit-info/route.ts:27:28)
  25 |     }
  26 |
> 27 |     const agentId = params.id;
     |                            ^
  28 |
  29 |     // Forward to Flask backend
  30 |     const response = await fetch(`${BACKEND_URL}/api/user/agents/${agentId}/livekit-info`, {
 GET /api/user/agents/7b885e98-8cfe-4d8a-947c-9eb24ad678e0/livekit-info 200 in 491ms
 GET /api/auth/session 200 in 212ms
 GET /api/auth/session 200 in 254ms
 GET /api/auth/session 200 in 258ms
 GET /api/auth/session 200 in 90ms
 GET /api/auth/session 200 in 84ms
 GET /api/auth/session 200 in 106ms
 GET /api/auth/session 200 in 102ms
 GET /api/auth/session 200 in 57ms
 GET /api/auth/session 200 in 53ms
 POST /api/user/calls/test-outbound 200 in 762ms
 GET /api/auth/session 200 in 121ms
Error: Route "/api/user/agents/[id]/livekit-info" used `params.id`. `params` should be awaited before using its properties. Learn more: https://nextjs.org/docs/messages/sync-dynamic-apis
    at GET (app/api/user/agents/[id]/livekit-info/route.ts:27:28)
  25 |     }
  26 |
> 27 |     const agentId = params.id;
     |                            ^
  28 |
  29 |     // Forward to Flask backend
  30 |     const response = await fetch(`${BACKEND_URL}/api/user/agents/${agentId}/livekit-info`, {
 GET /api/user/agents/7b885e98-8cfe-4d8a-947c-9eb24ad678e0/livekit-info 200 in 522ms
 GET /api/auth/session 200 in 225ms
 GET /api/auth/session 200 in 253ms
 GET /api/auth/session 200 in 259ms
 GET /api/auth/session 200 in 82ms
 GET /api/auth/session 200 in 141ms
Error: Route "/api/user/agents/[id]/livekit-info" used `params.id`. `params` should be awaited before using its properties. Learn more: https://nextjs.org/docs/messages/sync-dynamic-apis
    at GET (app/api/user/agents/[id]/livekit-info/route.ts:27:28)
  25 |     }
  26 |
> 27 |     const agentId = params.id;
     |                            ^
  28 |
  29 |     // Forward to Flask backend
  30 |     const response = await fetch(`${BACKEND_URL}/api/user/agents/${agentId}/livekit-info`, {
 GET /api/user/agents/7b885e98-8cfe-4d8a-947c-9eb24ad678e0/livekit-info 200 in 456ms
 GET /api/auth/session 200 in 152ms
 GET /api/auth/session 200 in 175ms
 GET /api/auth/session 200 in 182ms
 GET /api/auth/session 200 in 103ms
 GET /api/auth/session 200 in 85ms
 GET /api/auth/session 200 in 54ms
Error: Route "/api/user/agents/[id]/livekit-info" used `params.id`. `params` should be awaited before using its properties. Learn more: https://nextjs.org/docs/messages/sync-dynamic-apis
    at GET (app/api/user/agents/[id]/livekit-info/route.ts:27:28)
  25 |     }
  26 |
> 27 |     const agentId = params.id;
     |                            ^
  28 |
  29 |     // Forward to Flask backend
  30 |     const response = await fetch(`${BACKEND_URL}/api/user/agents/${agentId}/livekit-info`, {
 GET /api/user/agents/7b885e98-8cfe-4d8a-947c-9eb24ad678e0/livekit-info 200 in 667ms
 GET /api/auth/session 200 in 553ms
 GET /api/auth/session 200 in 565ms
 GET /api/auth/session 200 in 59ms
 Middleware check: /dashboard/agents, session: giraud.eric@gmail.com
✅ User giraud.eric@gmail.com - has active subscription
 ⚠ ./node_modules/resend/dist/index.mjs
Module not found: Can't resolve '@react-email/render' in '/opt/livekit1/frontend/node_modules/resend/dist'

Import trace for requested module:
./node_modules/resend/dist/index.mjs
./lib/email.ts
./auth.ts
 ⚠ ./node_modules/resend/dist/index.mjs
Module not found: Can't resolve '@react-email/render' in '/opt/livekit1/frontend/node_modules/resend/dist'

Import trace for requested module:
./node_modules/resend/dist/index.mjs
./lib/email.ts
./auth.ts
 GET /dashboard/agents 200 in 3936ms
[33m[auth][warn][debug-enabled][0m Read more: https://warnings.authjs.dev
 GET /api/auth/session 200 in 173ms
 GET /api/auth/session 200 in 58ms
 GET /api/auth/session 200 in 37ms
 ⚠ ./node_modules/resend/dist/index.mjs
Module not found: Can't resolve '@react-email/render' in '/opt/livekit1/frontend/node_modules/resend/dist'

Import trace for requested module:
./node_modules/resend/dist/index.mjs
./lib/email.ts
./auth.ts
 ⚠ ./node_modules/resend/dist/index.mjs
Module not found: Can't resolve '@react-email/render' in '/opt/livekit1/frontend/node_modules/resend/dist'

Import trace for requested module:
./node_modules/resend/dist/index.mjs
./lib/email.ts
./auth.ts
 ⚠ ./node_modules/resend/dist/index.mjs
Module not found: Can't resolve '@react-email/render' in '/opt/livekit1/frontend/node_modules/resend/dist'

Import trace for requested module:
./node_modules/resend/dist/index.mjs
./lib/email.ts
./auth.ts
 ⚠ ./node_modules/resend/dist/index.mjs
Module not found: Can't resolve '@react-email/render' in '/opt/livekit1/frontend/node_modules/resend/dist'

Import trace for requested module:
./node_modules/resend/dist/index.mjs
./lib/email.ts
./auth.ts
[33m[auth][warn][debug-enabled][0m Read more: https://warnings.authjs.dev
 GET /api/auth/session 200 in 1149ms
 GET /api/auth/session 200 in 981ms
 GET /api/auth/session 200 in 969ms
 GET /api/auth/session 200 in 1160ms
 GET /api/user/agents 200 in 1203ms
 GET /api/user/agents 200 in 1327ms
 GET /api/auth/session 200 in 64ms
 GET /api/auth/session 200 in 71ms
 GET /api/auth/session 200 in 62ms
 GET /api/auth/session 200 in 62ms
 GET /api/auth/session 200 in 44ms
Error: Route "/api/user/agents/[id]/livekit-info" used `params.id`. `params` should be awaited before using its properties. Learn more: https://nextjs.org/docs/messages/sync-dynamic-apis
    at GET (app/api/user/agents/[id]/livekit-info/route.ts:27:28)
  25 |     }
  26 |
> 27 |     const agentId = params.id;
     |                            ^
  28 |
  29 |     // Forward to Flask backend
  30 |     const response = await fetch(`${BACKEND_URL}/api/user/agents/${agentId}/livekit-info`, {
 GET /api/user/agents/7b885e98-8cfe-4d8a-947c-9eb24ad678e0/livekit-info 200 in 630ms
 GET /api/auth/session 200 in 679ms
 GET /api/auth/session 200 in 686ms
 GET /api/auth/session 200 in 690ms
 GET /api/auth/session 200 in 692ms
Error: Route "/api/user/agents/[id]/livekit-info" used `params.id`. `params` should be awaited before using its properties. Learn more: https://nextjs.org/docs/messages/sync-dynamic-apis
    at GET (app/api/user/agents/[id]/livekit-info/route.ts:27:28)
  25 |     }
  26 |
> 27 |     const agentId = params.id;
     |                            ^
  28 |
  29 |     // Forward to Flask backend
  30 |     const response = await fetch(`${BACKEND_URL}/api/user/agents/${agentId}/livekit-info`, {
 GET /api/user/agents/7b885e98-8cfe-4d8a-947c-9eb24ad678e0/livekit-info 200 in 911ms
 GET /api/auth/session 200 in 47ms
 GET /api/auth/session 200 in 60ms
 GET /api/auth/session 200 in 46ms
 GET /api/auth/session 200 in 27ms
 Middleware check: /dashboard/agents/7b885e98-8cfe-4d8a-947c-9eb24ad678e0/edit, session: giraud.eric@gmail.com
✅ User giraud.eric@gmail.com - has active subscription
 ⚠ ./node_modules/resend/dist/index.mjs
Module not found: Can't resolve '@react-email/render' in '/opt/livekit1/frontend/node_modules/resend/dist'

Import trace for requested module:
./node_modules/resend/dist/index.mjs
./lib/email.ts
./auth.ts
 ⚠ ./node_modules/resend/dist/index.mjs
Module not found: Can't resolve '@react-email/render' in '/opt/livekit1/frontend/node_modules/resend/dist'

Import trace for requested module:
./node_modules/resend/dist/index.mjs
./lib/email.ts
./auth.ts
 GET /dashboard/agents/7b885e98-8cfe-4d8a-947c-9eb24ad678e0/edit 200 in 7138ms
[33m[auth][warn][debug-enabled][0m Read more: https://warnings.authjs.dev
 GET /api/auth/session 200 in 142ms
 GET /api/auth/session 200 in 149ms
 ⚠ ./node_modules/resend/dist/index.mjs
Module not found: Can't resolve '@react-email/render' in '/opt/livekit1/frontend/node_modules/resend/dist'

Import trace for requested module:
./node_modules/resend/dist/index.mjs
./lib/email.ts
./auth.ts
 GET /api/auth/session 200 in 98ms
 ⚠ ./node_modules/resend/dist/index.mjs
Module not found: Can't resolve '@react-email/render' in '/opt/livekit1/frontend/node_modules/resend/dist'

Import trace for requested module:
./node_modules/resend/dist/index.mjs
./lib/email.ts
./auth.ts
[33m[auth][warn][debug-enabled][0m Read more: https://warnings.authjs.dev
 GET /api/auth/session 200 in 2113ms
 GET /api/auth/session 200 in 2116ms
 GET /api/auth/session 200 in 2101ms
 GET /api/auth/session 200 in 2127ms
 GET /api/auth/session 200 in 111ms
 GET /api/auth/session 200 in 125ms
 GET /api/auth/session 200 in 106ms
Error: Route "/api/user/agents/[id]" used `params.id`. `params` should be awaited before using its properties. Learn more: https://nextjs.org/docs/messages/sync-dynamic-apis
    at GET (app/api/user/agents/[id]/route.ts:21:28)
  19 |     }
  20 |
> 21 |     const agentId = params.id;
     |                            ^
  22 |
  23 |     // Forward to Flask backend
  24 |     const response = await fetch(`${BACKEND_URL}/api/user/agents/${agentId}`, {
Error: Route "/api/user/agents/[id]" used `params.id`. `params` should be awaited before using its properties. Learn more: https://nextjs.org/docs/messages/sync-dynamic-apis
    at GET (app/api/user/agents/[id]/route.ts:21:28)
  19 |     }
  20 |
> 21 |     const agentId = params.id;
     |                            ^
  22 |
  23 |     // Forward to Flask backend
  24 |     const response = await fetch(`${BACKEND_URL}/api/user/agents/${agentId}`, {
 GET /api/user/agents/7b885e98-8cfe-4d8a-947c-9eb24ad678e0 200 in 4873ms
 GET /api/user/agents/7b885e98-8cfe-4d8a-947c-9eb24ad678e0 200 in 3351ms
 GET /api/auth/session 200 in 83ms
 GET /api/auth/session 200 in 198ms
 GET /api/auth/session 200 in 236ms
Error: Route "/api/user/agents/[id]/livekit-info" used `params.id`. `params` should be awaited before using its properties. Learn more: https://nextjs.org/docs/messages/sync-dynamic-apis
    at GET (app/api/user/agents/[id]/livekit-info/route.ts:27:28)
  25 |     }
  26 |
> 27 |     const agentId = params.id;
     |                            ^
  28 |
  29 |     // Forward to Flask backend
  30 |     const response = await fetch(`${BACKEND_URL}/api/user/agents/${agentId}/livekit-info`, {
 GET /api/user/agents/7b885e98-8cfe-4d8a-947c-9eb24ad678e0/livekit-info 200 in 424ms
 GET /api/auth/session 200 in 86ms
 GET /api/auth/session 200 in 77ms
 GET /api/auth/session 200 in 97ms
 GET /api/auth/session 200 in 39ms
 GET /api/auth/session 200 in 38ms
Error: Route "/api/user/agents/[id]/livekit-info" used `params.id`. `params` should be awaited before using its properties. Learn more: https://nextjs.org/docs/messages/sync-dynamic-apis
    at GET (app/api/user/agents/[id]/livekit-info/route.ts:27:28)
  25 |     }
  26 |
> 27 |     const agentId = params.id;
     |                            ^
  28 |
  29 |     // Forward to Flask backend
  30 |     const response = await fetch(`${BACKEND_URL}/api/user/agents/${agentId}/livekit-info`, {
 GET /api/auth/session 200 in 416ms
 GET /api/user/agents/7b885e98-8cfe-4d8a-947c-9eb24ad678e0/livekit-info 200 in 440ms
 GET /api/auth/session 200 in 123ms
 Middleware check: /dashboard/agents, session: giraud.eric@gmail.com
✅ User giraud.eric@gmail.com - has active subscription
 GET /dashboard/agents 200 in 159ms
 GET /api/auth/session 200 in 117ms
 GET /api/auth/session 200 in 71ms
 GET /api/user/agents 200 in 73ms
 GET /api/auth/session 200 in 68ms
 GET /api/auth/session 200 in 192ms
 GET /api/auth/session 200 in 196ms
 GET /api/user/agents 200 in 216ms
 GET /api/auth/session 200 in 189ms
 GET /api/auth/session 200 in 135ms
 GET /api/auth/session 200 in 82ms
 GET /api/auth/session 200 in 91ms
 GET /api/auth/session 200 in 101ms
 GET /api/auth/session 200 in 122ms
 GET /api/auth/session 200 in 154ms
 GET /api/auth/session 200 in 224ms
 GET /api/auth/session 200 in 252ms
 GET /api/auth/session 200 in 255ms
Error: Route "/api/user/agents/[id]/livekit-info" used `params.id`. `params` should be awaited before using its properties. Learn more: https://nextjs.org/docs/messages/sync-dynamic-apis
    at GET (app/api/user/agents/[id]/livekit-info/route.ts:27:28)
  25 |     }
  26 |
> 27 |     const agentId = params.id;
     |                            ^
  28 |
  29 |     // Forward to Flask backend
  30 |     const response = await fetch(`${BACKEND_URL}/api/user/agents/${agentId}/livekit-info`, {
Error: Route "/api/user/agents/[id]/livekit-info" used `params.id`. `params` should be awaited before using its properties. Learn more: https://nextjs.org/docs/messages/sync-dynamic-apis
    at GET (app/api/user/agents/[id]/livekit-info/route.ts:27:28)
  25 |     }
  26 |
> 27 |     const agentId = params.id;
     |                            ^
  28 |
  29 |     // Forward to Flask backend
  30 |     const response = await fetch(`${BACKEND_URL}/api/user/agents/${agentId}/livekit-info`, {
 GET /api/user/agents/7b885e98-8cfe-4d8a-947c-9eb24ad678e0/livekit-info 200 in 589ms
 GET /api/user/agents/7b885e98-8cfe-4d8a-947c-9eb24ad678e0/livekit-info 200 in 596ms
 GET /api/auth/session 200 in 178ms
 GET /api/auth/session 200 in 199ms
 GET /api/auth/session 200 in 214ms
 GET /api/auth/session 200 in 220ms
 GET /api/auth/session 200 in 28ms
 Middleware check: /dashboard/agents/7b885e98-8cfe-4d8a-947c-9eb24ad678e0/edit, session: giraud.eric@gmail.com
✅ User giraud.eric@gmail.com - has active subscription
 GET /dashboard/agents/7b885e98-8cfe-4d8a-947c-9eb24ad678e0/edit 200 in 113ms
 GET /api/auth/session 200 in 194ms
 GET /api/auth/session 200 in 128ms
 GET /api/auth/session 200 in 280ms
 GET /api/auth/session 200 in 342ms
 GET /api/auth/session 200 in 344ms
 GET /api/auth/session 200 in 327ms
Error: Route "/api/user/agents/[id]" used `params.id`. `params` should be awaited before using its properties. Learn more: https://nextjs.org/docs/messages/sync-dynamic-apis
    at GET (app/api/user/agents/[id]/route.ts:21:28)
  19 |     }
  20 |
> 21 |     const agentId = params.id;
     |                            ^
  22 |
  23 |     // Forward to Flask backend
  24 |     const response = await fetch(`${BACKEND_URL}/api/user/agents/${agentId}`, {
 GET /api/user/agents/7b885e98-8cfe-4d8a-947c-9eb24ad678e0 200 in 640ms
Error: Route "/api/user/agents/[id]" used `params.id`. `params` should be awaited before using its properties. Learn more: https://nextjs.org/docs/messages/sync-dynamic-apis
    at GET (app/api/user/agents/[id]/route.ts:21:28)
  19 |     }
  20 |
> 21 |     const agentId = params.id;
     |                            ^
  22 |
  23 |     // Forward to Flask backend
  24 |     const response = await fetch(`${BACKEND_URL}/api/user/agents/${agentId}`, {
 GET /api/user/agents/7b885e98-8cfe-4d8a-947c-9eb24ad678e0 200 in 700ms
 GET /api/auth/session 200 in 219ms
 GET /api/auth/session 200 in 256ms
 GET /api/auth/session 200 in 236ms
 GET /api/auth/session 200 in 146ms
 GET /api/auth/session 200 in 132ms
 GET /api/auth/session 200 in 57ms
Error: Route "/api/user/agents/[id]/livekit-info" used `params.id`. `params` should be awaited before using its properties. Learn more: https://nextjs.org/docs/messages/sync-dynamic-apis
    at GET (app/api/user/agents/[id]/livekit-info/route.ts:27:28)
  25 |     }
  26 |
> 27 |     const agentId = params.id;
     |                            ^
  28 |
  29 |     // Forward to Flask backend
  30 |     const response = await fetch(`${BACKEND_URL}/api/user/agents/${agentId}/livekit-info`, {
 GET /api/user/agents/7b885e98-8cfe-4d8a-947c-9eb24ad678e0/livekit-info 200 in 607ms
 GET /api/auth/session 200 in 226ms
 GET /api/auth/session 200 in 244ms
 GET /api/auth/session 200 in 64ms
 GET /api/auth/session 200 in 177ms
Error: Route "/api/user/agents/[id]/livekit-info" used `params.id`. `params` should be awaited before using its properties. Learn more: https://nextjs.org/docs/messages/sync-dynamic-apis
    at GET (app/api/user/agents/[id]/livekit-info/route.ts:27:28)
  25 |     }
  26 |
> 27 |     const agentId = params.id;
     |                            ^
  28 |
  29 |     // Forward to Flask backend
  30 |     const response = await fetch(`${BACKEND_URL}/api/user/agents/${agentId}/livekit-info`, {
 GET /api/user/agents/7b885e98-8cfe-4d8a-947c-9eb24ad678e0/livekit-info 200 in 412ms
 GET /api/auth/session 200 in 156ms
 GET /api/auth/session 200 in 176ms
 GET /api/auth/session 200 in 182ms
 GET /api/auth/session 200 in 107ms
 ⚠ ./node_modules/resend/dist/index.mjs
Module not found: Can't resolve '@react-email/render' in '/opt/livekit1/frontend/node_modules/resend/dist'

Import trace for requested module:
./node_modules/resend/dist/index.mjs
./lib/email.ts
./auth.ts
 ⚠ ./node_modules/resend/dist/index.mjs
Module not found: Can't resolve '@react-email/render' in '/opt/livekit1/frontend/node_modules/resend/dist'

Import trace for requested module:
./node_modules/resend/dist/index.mjs
./lib/email.ts
./auth.ts
 ⚠ ./node_modules/resend/dist/index.mjs
Module not found: Can't resolve '@react-email/render' in '/opt/livekit1/frontend/node_modules/resend/dist'

Import trace for requested module:
./node_modules/resend/dist/index.mjs
./lib/email.ts
./auth.ts
[33m[auth][warn][debug-enabled][0m Read more: https://warnings.authjs.dev
 GET /api/auth/session 200 in 287ms
 GET /api/auth/session 200 in 46ms
 GET /api/auth/session 200 in 44ms
 GET /api/auth/session 200 in 155ms
Error: Route "/api/user/agents/[id]/livekit-info" used `params.id`. `params` should be awaited before using its properties. Learn more: https://nextjs.org/docs/messages/sync-dynamic-apis
    at GET (app/api/user/agents/[id]/livekit-info/route.ts:27:28)
  25 |     }
  26 |
> 27 |     const agentId = params.id;
     |                            ^
  28 |
  29 |     // Forward to Flask backend
  30 |     const response = await fetch(`${BACKEND_URL}/api/user/agents/${agentId}/livekit-info`, {
 GET /api/user/agents/7b885e98-8cfe-4d8a-947c-9eb24ad678e0/livekit-info 200 in 367ms
 GET /api/auth/session 200 in 123ms
 GET /api/auth/session 200 in 131ms
Error: Route "/api/user/agents/[id]/livekit-info" used `params.id`. `params` should be awaited before using its properties. Learn more: https://nextjs.org/docs/messages/sync-dynamic-apis
    at GET (app/api/user/agents/[id]/livekit-info/route.ts:27:28)
  25 |     }
  26 |
> 27 |     const agentId = params.id;
     |                            ^
  28 |
  29 |     // Forward to Flask backend
  30 |     const response = await fetch(`${BACKEND_URL}/api/user/agents/${agentId}/livekit-info`, {
 GET /api/user/agents/7b885e98-8cfe-4d8a-947c-9eb24ad678e0/livekit-info 200 in 622ms
 GET /api/auth/session 200 in 101ms
 GET /api/auth/session 200 in 121ms
 GET /api/auth/session 200 in 179ms
 GET /api/auth/session 200 in 302ms
 GET /api/auth/session 200 in 91ms
Error: Route "/api/user/agents/[id]/livekit-info" used `params.id`. `params` should be awaited before using its properties. Learn more: https://nextjs.org/docs/messages/sync-dynamic-apis
    at GET (app/api/user/agents/[id]/livekit-info/route.ts:27:28)
  25 |     }
  26 |
> 27 |     const agentId = params.id;
     |                            ^
  28 |
  29 |     // Forward to Flask backend
  30 |     const response = await fetch(`${BACKEND_URL}/api/user/agents/${agentId}/livekit-info`, {
 GET /api/auth/session 200 in 586ms
 GET /api/user/agents/7b885e98-8cfe-4d8a-947c-9eb24ad678e0/livekit-info 200 in 695ms
 GET /api/auth/session 200 in 284ms
 GET /api/auth/session 200 in 333ms
 GET /api/auth/session 200 in 95ms
 GET /api/auth/session 200 in 129ms
Error: Route "/api/user/agents/[id]/livekit-info" used `params.id`. `params` should be awaited before using its properties. Learn more: https://nextjs.org/docs/messages/sync-dynamic-apis
    at GET (app/api/user/agents/[id]/livekit-info/route.ts:27:28)
  25 |     }
  26 |
> 27 |     const agentId = params.id;
     |                            ^
  28 |
  29 |     // Forward to Flask backend
  30 |     const response = await fetch(`${BACKEND_URL}/api/user/agents/${agentId}/livekit-info`, {
 GET /api/auth/session 200 in 591ms
 GET /api/user/agents/7b885e98-8cfe-4d8a-947c-9eb24ad678e0/livekit-info 200 in 693ms
 GET /api/auth/session 200 in 281ms
 GET /api/auth/session 200 in 292ms
 GET /api/auth/session 200 in 83ms
 GET /api/auth/session 200 in 105ms
Error: Route "/api/user/agents/[id]/livekit-info" used `params.id`. `params` should be awaited before using its properties. Learn more: https://nextjs.org/docs/messages/sync-dynamic-apis
    at GET (app/api/user/agents/[id]/livekit-info/route.ts:27:28)
  25 |     }
  26 |
> 27 |     const agentId = params.id;
     |                            ^
  28 |
  29 |     // Forward to Flask backend
  30 |     const response = await fetch(`${BACKEND_URL}/api/user/agents/${agentId}/livekit-info`, {
 GET /api/user/agents/7b885e98-8cfe-4d8a-947c-9eb24ad678e0/livekit-info 200 in 380ms
 GET /api/auth/session 200 in 185ms
 GET /api/auth/session 200 in 208ms
 GET /api/auth/session 200 in 212ms
 GET /api/auth/session 200 in 90ms
 GET /api/auth/session 200 in 127ms
Error: Route "/api/user/agents/[id]/livekit-info" used `params.id`. `params` should be awaited before using its properties. Learn more: https://nextjs.org/docs/messages/sync-dynamic-apis
    at GET (app/api/user/agents/[id]/livekit-info/route.ts:27:28)
  25 |     }
  26 |
> 27 |     const agentId = params.id;
     |                            ^
  28 |
  29 |     // Forward to Flask backend
  30 |     const response = await fetch(`${BACKEND_URL}/api/user/agents/${agentId}/livekit-info`, {
 GET /api/user/agents/7b885e98-8cfe-4d8a-947c-9eb24ad678e0/livekit-info 200 in 532ms
 GET /api/auth/session 200 in 255ms
 GET /api/auth/session 200 in 301ms
 GET /api/auth/session 200 in 323ms
 GET /api/auth/session 200 in 98ms
 GET /api/auth/session 200 in 229ms
 GET /api/auth/session 200 in 50ms
 GET /api/auth/session 200 in 175ms
Error: Route "/api/user/agents/[id]/livekit-info" used `params.id`. `params` should be awaited before using its properties. Learn more: https://nextjs.org/docs/messages/sync-dynamic-apis
    at GET (app/api/user/agents/[id]/livekit-info/route.ts:27:28)
  25 |     }
  26 |
> 27 |     const agentId = params.id;
     |                            ^
  28 |
  29 |     // Forward to Flask backend
  30 |     const response = await fetch(`${BACKEND_URL}/api/user/agents/${agentId}/livekit-info`, {
 GET /api/user/agents/7b885e98-8cfe-4d8a-947c-9eb24ad678e0/livekit-info 200 in 489ms
 GET /api/auth/session 200 in 768ms
 GET /api/auth/session 200 in 759ms
 Middleware check: /dashboard/phone-numbers, session: giraud.eric@gmail.com
✅ User giraud.eric@gmail.com - has active subscription
 ⚠ ./node_modules/resend/dist/index.mjs
Module not found: Can't resolve '@react-email/render' in '/opt/livekit1/frontend/node_modules/resend/dist'

Import trace for requested module:
./node_modules/resend/dist/index.mjs
./lib/email.ts
./auth.ts
 ⚠ ./node_modules/resend/dist/index.mjs
Module not found: Can't resolve '@react-email/render' in '/opt/livekit1/frontend/node_modules/resend/dist'

Import trace for requested module:
./node_modules/resend/dist/index.mjs
./lib/email.ts
./auth.ts
 GET /dashboard/phone-numbers 200 in 7105ms
 Middleware check: /dashboard/agents/7b885e98-8cfe-4d8a-947c-9eb24ad678e0/edit, session: giraud.eric@gmail.com
✅ User giraud.eric@gmail.com - has active subscription
 ⚠ ./node_modules/resend/dist/index.mjs
Module not found: Can't resolve '@react-email/render' in '/opt/livekit1/frontend/node_modules/resend/dist'

Import trace for requested module:
./node_modules/resend/dist/index.mjs
./lib/email.ts
./auth.ts
 ⚠ ./node_modules/resend/dist/index.mjs
Module not found: Can't resolve '@react-email/render' in '/opt/livekit1/frontend/node_modules/resend/dist'

Import trace for requested module:
./node_modules/resend/dist/index.mjs
./lib/email.ts
./auth.ts
 ⚠ ./node_modules/resend/dist/index.mjs
Module not found: Can't resolve '@react-email/render' in '/opt/livekit1/frontend/node_modules/resend/dist'

Import trace for requested module:
./node_modules/resend/dist/index.mjs
./lib/email.ts
./auth.ts
 GET /dashboard/agents/7b885e98-8cfe-4d8a-947c-9eb24ad678e0/edit 200 in 2780ms
 Middleware check: /_next/webpack-hmr, session: giraud.eric@gmail.com
 ⚠ ./node_modules/resend/dist/index.mjs
Module not found: Can't resolve '@react-email/render' in '/opt/livekit1/frontend/node_modules/resend/dist'

Import trace for requested module:
./node_modules/resend/dist/index.mjs
./lib/email.ts
./auth.ts
[33m[auth][warn][debug-enabled][0m Read more: https://warnings.authjs.dev
 GET /favicon.ico 200 in 7103ms
 GET /api/auth/session 200 in 7075ms
 GET /_next/webpack-hmr 404 in 7056ms
 ⚠ ./node_modules/resend/dist/index.mjs
Module not found: Can't resolve '@react-email/render' in '/opt/livekit1/frontend/node_modules/resend/dist'

Import trace for requested module:
./node_modules/resend/dist/index.mjs
./lib/email.ts
./auth.ts
 Middleware check: /_next/webpack-hmr, session: giraud.eric@gmail.com
 ⚠ ./node_modules/resend/dist/index.mjs
Module not found: Can't resolve '@react-email/render' in '/opt/livekit1/frontend/node_modules/resend/dist'

Import trace for requested module:
./node_modules/resend/dist/index.mjs
./lib/email.ts
./auth.ts
[33m[auth][warn][debug-enabled][0m Read more: https://warnings.authjs.dev
 GET /favicon.ico 200 in 1907ms
 GET /api/auth/session 200 in 1820ms
 GET /api/auth/session 200 in 3299ms
 GET /api/auth/session 200 in 1748ms
 GET /api/auth/session 200 in 3992ms
 GET /_next/webpack-hmr 404 in 1712ms
 GET /api/user/phone-numbers 200 in 4049ms
 GET /api/auth/session 200 in 81ms
 GET /api/auth/session 200 in 107ms
 GET /api/auth/session 200 in 111ms
 GET /api/auth/session 200 in 113ms
 ⚠ ./node_modules/resend/dist/index.mjs
Module not found: Can't resolve '@react-email/render' in '/opt/livekit1/frontend/node_modules/resend/dist'

Import trace for requested module:
./node_modules/resend/dist/index.mjs
./lib/email.ts
./auth.ts
 ⚠ ./node_modules/resend/dist/index.mjs
Module not found: Can't resolve '@react-email/render' in '/opt/livekit1/frontend/node_modules/resend/dist'

Import trace for requested module:
./node_modules/resend/dist/index.mjs
./lib/email.ts
./auth.ts
 ⚠ ./node_modules/resend/dist/index.mjs
Module not found: Can't resolve '@react-email/render' in '/opt/livekit1/frontend/node_modules/resend/dist'

Import trace for requested module:
./node_modules/resend/dist/index.mjs
./lib/email.ts
./auth.ts
 ⚠ ./node_modules/resend/dist/index.mjs
Module not found: Can't resolve '@react-email/render' in '/opt/livekit1/frontend/node_modules/resend/dist'

Import trace for requested module:
./node_modules/resend/dist/index.mjs
./lib/email.ts
./auth.ts
[33m[auth][warn][debug-enabled][0m Read more: https://warnings.authjs.dev
 GET /api/auth/session 200 in 1836ms
 GET /api/auth/session 200 in 1840ms
 GET /api/auth/session 200 in 1847ms
 GET /api/auth/session 200 in 1087ms
 GET /api/auth/session 200 in 1945ms
Error: Route "/api/user/agents/[id]" used `params.id`. `params` should be awaited before using its properties. Learn more: https://nextjs.org/docs/messages/sync-dynamic-apis
    at GET (app/api/user/agents/[id]/route.ts:21:28)
  19 |     }
  20 |
> 21 |     const agentId = params.id;
     |                            ^
  22 |
  23 |     // Forward to Flask backend
  24 |     const response = await fetch(`${BACKEND_URL}/api/user/agents/${agentId}`, {
 GET /api/user/agents/7b885e98-8cfe-4d8a-947c-9eb24ad678e0 200 in 2286ms
Error: Route "/api/user/agents/[id]" used `params.id`. `params` should be awaited before using its properties. Learn more: https://nextjs.org/docs/messages/sync-dynamic-apis
    at GET (app/api/user/agents/[id]/route.ts:21:28)
  19 |     }
  20 |
> 21 |     const agentId = params.id;
     |                            ^
  22 |
  23 |     // Forward to Flask backend
  24 |     const response = await fetch(`${BACKEND_URL}/api/user/agents/${agentId}`, {
 GET /api/user/agents/7b885e98-8cfe-4d8a-947c-9eb24ad678e0 200 in 421ms
 GET /api/auth/session 200 in 450ms
 GET /api/auth/session 200 in 456ms
 GET /api/auth/session 200 in 460ms
Error: Route "/api/user/agents/[id]" used `params.id`. `params` should be awaited before using its properties. Learn more: https://nextjs.org/docs/messages/sync-dynamic-apis
    at GET (app/api/user/agents/[id]/route.ts:21:28)
  19 |     }
  20 |
> 21 |     const agentId = params.id;
     |                            ^
  22 |
  23 |     // Forward to Flask backend
  24 |     const response = await fetch(`${BACKEND_URL}/api/user/agents/${agentId}`, {
 GET /api/user/agents/7b885e98-8cfe-4d8a-947c-9eb24ad678e0 200 in 676ms
 GET /api/auth/session 200 in 167ms
 GET /api/auth/session 200 in 148ms
 GET /api/auth/session 200 in 150ms
 GET /api/auth/session 200 in 152ms
 GET /api/user/phone-numbers 200 in 247ms
 GET /api/auth/session 200 in 74ms
 GET /api/auth/session 200 in 58ms
 GET /api/auth/session 200 in 109ms
 GET /api/auth/session 200 in 129ms
 GET /api/auth/session 200 in 131ms
 GET /api/auth/session 200 in 132ms
 GET /api/auth/session 200 in 136ms
 GET /api/auth/session 200 in 33ms
 GET /api/auth/session 200 in 55ms
 GET /api/auth/session 200 in 125ms
 GET /api/user/phone-numbers 200 in 143ms
 GET /api/auth/session 200 in 131ms
 GET /api/auth/session 200 in 195ms
 GET /api/auth/session 200 in 204ms
 GET /api/auth/session 200 in 112ms
 GET /api/auth/session 200 in 135ms
 GET /api/auth/session 200 in 111ms
 GET /api/auth/session 200 in 39ms
 GET /api/auth/session 200 in 27ms
 ⚠ ./node_modules/resend/dist/index.mjs
Module not found: Can't resolve '@react-email/render' in '/opt/livekit1/frontend/node_modules/resend/dist'

Import trace for requested module:
./node_modules/resend/dist/index.mjs
./lib/email.ts
./auth.ts
 GET /api/auth/session 200 in 98ms
 ⚠ ./node_modules/resend/dist/index.mjs
Module not found: Can't resolve '@react-email/render' in '/opt/livekit1/frontend/node_modules/resend/dist'

Import trace for requested module:
./node_modules/resend/dist/index.mjs
./lib/email.ts
./auth.ts
 ⚠ ./node_modules/resend/dist/index.mjs
Module not found: Can't resolve '@react-email/render' in '/opt/livekit1/frontend/node_modules/resend/dist'

Import trace for requested module:
./node_modules/resend/dist/index.mjs
./lib/email.ts
./auth.ts
 ⚠ ./node_modules/resend/dist/index.mjs
Module not found: Can't resolve '@react-email/render' in '/opt/livekit1/frontend/node_modules/resend/dist'

Import trace for requested module:
./node_modules/resend/dist/index.mjs
./lib/email.ts
./auth.ts
[33m[auth][warn][debug-enabled][0m Read more: https://warnings.authjs.dev
 GET /api/auth/session 200 in 1359ms
 GET /api/auth/session 200 in 1360ms
 GET /api/auth/session 200 in 1097ms
 GET /api/auth/session 200 in 1080ms
 GET /api/auth/session 200 in 1396ms
 GET /api/user/agents 200 in 1468ms
 GET /api/auth/session 200 in 122ms
 GET /api/auth/session 200 in 132ms
 GET /api/user/agents 200 in 122ms
 GET /api/auth/session 200 in 63ms
 GET /api/auth/session 200 in 38ms
 Middleware check: /dashboard/phone-numbers, session: giraud.eric@gmail.com
✅ User giraud.eric@gmail.com - has active subscription
 GET /dashboard/phone-numbers 200 in 82ms
 GET /api/auth/session 200 in 128ms
 GET /api/auth/session 200 in 128ms
 GET /api/auth/session 200 in 64ms
 GET /api/user/phone-numbers 200 in 74ms
 GET /api/auth/session 200 in 149ms
 GET /api/auth/session 200 in 155ms
 GET /api/auth/session 200 in 154ms
 GET /api/user/phone-numbers 200 in 232ms
 GET /api/auth/session 200 in 162ms
 GET /api/auth/session 200 in 140ms
 GET /api/auth/session 200 in 205ms
 GET /api/auth/session 200 in 219ms
 GET /api/auth/session 200 in 221ms
 GET /api/auth/session 200 in 54ms
 GET /api/user/agents 200 in 154ms
 GET /api/auth/session 200 in 119ms
 GET /api/auth/session 200 in 169ms
 GET /api/auth/session 200 in 170ms
 GET /api/user/agents 200 in 173ms
 GET /api/auth/session 200 in 128ms
 GET /api/auth/session 200 in 164ms
 GET /api/auth/session 200 in 143ms
 GET /api/auth/session 200 in 35ms
 GET /api/auth/session 200 in 107ms
 GET /api/auth/session 200 in 98ms
 GET /api/auth/session 200 in 230ms
 GET /api/auth/session 200 in 253ms
Error: Route "/api/user/agents/[id]/livekit-info" used `params.id`. `params` should be awaited before using its properties. Learn more: https://nextjs.org/docs/messages/sync-dynamic-apis
    at GET (app/api/user/agents/[id]/livekit-info/route.ts:27:28)
  25 |     }
  26 |
> 27 |     const agentId = params.id;
     |                            ^
  28 |
  29 |     // Forward to Flask backend
  30 |     const response = await fetch(`${BACKEND_URL}/api/user/agents/${agentId}/livekit-info`, {
 GET /api/user/agents/7b885e98-8cfe-4d8a-947c-9eb24ad678e0/livekit-info 200 in 473ms
 GET /api/auth/session 200 in 448ms
 GET /api/auth/session 200 in 70ms
 Middleware check: /dashboard/agents, session: giraud.eric@gmail.com
✅ User giraud.eric@gmail.com - has active subscription
 ⚠ ./node_modules/resend/dist/index.mjs
Module not found: Can't resolve '@react-email/render' in '/opt/livekit1/frontend/node_modules/resend/dist'

Import trace for requested module:
./node_modules/resend/dist/index.mjs
./lib/email.ts
./auth.ts
 ⚠ ./node_modules/resend/dist/index.mjs
Module not found: Can't resolve '@react-email/render' in '/opt/livekit1/frontend/node_modules/resend/dist'

Import trace for requested module:
./node_modules/resend/dist/index.mjs
./lib/email.ts
./auth.ts
 GET /dashboard/agents 200 in 2546ms
[33m[auth][warn][debug-enabled][0m Read more: https://warnings.authjs.dev
 GET /api/auth/session 200 in 358ms
 GET /api/auth/session 200 in 387ms
 GET /api/user/agents 200 in 278ms
 GET /api/auth/session 200 in 194ms
 GET /api/auth/session 200 in 166ms
 GET /api/auth/session 200 in 165ms
 GET /api/auth/session 200 in 138ms
 GET /api/user/agents 200 in 220ms
 GET /api/auth/session 200 in 124ms
 GET /api/auth/session 200 in 96ms
 GET /api/auth/session 200 in 141ms
 GET /api/auth/session 200 in 145ms
 GET /api/auth/session 200 in 153ms
 GET /api/auth/session 200 in 33ms
 GET /api/auth/session 200 in 317ms
Error: Route "/api/user/agents/[id]/livekit-info" used `params.id`. `params` should be awaited before using its properties. Learn more: https://nextjs.org/docs/messages/sync-dynamic-apis
    at GET (app/api/user/agents/[id]/livekit-info/route.ts:27:28)
  25 |     }
  26 |
> 27 |     const agentId = params.id;
     |                            ^
  28 |
  29 |     // Forward to Flask backend
  30 |     const response = await fetch(`${BACKEND_URL}/api/user/agents/${agentId}/livekit-info`, {
 GET /api/user/agents/7b885e98-8cfe-4d8a-947c-9eb24ad678e0/livekit-info 200 in 725ms
Error: Route "/api/user/agents/[id]/livekit-info" used `params.id`. `params` should be awaited before using its properties. Learn more: https://nextjs.org/docs/messages/sync-dynamic-apis
    at GET (app/api/user/agents/[id]/livekit-info/route.ts:27:28)
  25 |     }
  26 |
> 27 |     const agentId = params.id;
     |                            ^
  28 |
  29 |     // Forward to Flask backend
  30 |     const response = await fetch(`${BACKEND_URL}/api/user/agents/${agentId}/livekit-info`, {
 GET /api/user/agents/7b885e98-8cfe-4d8a-947c-9eb24ad678e0/livekit-info 200 in 991ms
 GET /api/auth/session 200 in 881ms
 GET /api/auth/session 200 in 985ms
 GET /api/auth/session 200 in 477ms
 GET /api/auth/session 200 in 249ms
 GET /api/auth/session 200 in 252ms
 GET /api/auth/session 200 in 82ms
 GET /api/auth/session 200 in 85ms
 Middleware check: /dashboard/agents/7b885e98-8cfe-4d8a-947c-9eb24ad678e0/edit, session: giraud.eric@gmail.com
✅ User giraud.eric@gmail.com - has active subscription
 GET /dashboard/agents/7b885e98-8cfe-4d8a-947c-9eb24ad678e0/edit 200 in 142ms
 GET /api/auth/session 200 in 217ms
 GET /api/auth/session 200 in 243ms
 GET /api/auth/session 200 in 221ms
 GET /api/auth/session 200 in 277ms
 GET /api/auth/session 200 in 269ms
 GET /api/auth/session 200 in 293ms
Error: Route "/api/user/agents/[id]" used `params.id`. `params` should be awaited before using its properties. Learn more: https://nextjs.org/docs/messages/sync-dynamic-apis
    at GET (app/api/user/agents/[id]/route.ts:21:28)
  19 |     }
  20 |
> 21 |     const agentId = params.id;
     |                            ^
  22 |
  23 |     // Forward to Flask backend
  24 |     const response = await fetch(`${BACKEND_URL}/api/user/agents/${agentId}`, {
Error: Route "/api/user/agents/[id]" used `params.id`. `params` should be awaited before using its properties. Learn more: https://nextjs.org/docs/messages/sync-dynamic-apis
    at GET (app/api/user/agents/[id]/route.ts:21:28)
  19 |     }
  20 |
> 21 |     const agentId = params.id;
     |                            ^
  22 |
  23 |     // Forward to Flask backend
  24 |     const response = await fetch(`${BACKEND_URL}/api/user/agents/${agentId}`, {
 GET /api/user/agents/7b885e98-8cfe-4d8a-947c-9eb24ad678e0 200 in 839ms
 GET /api/user/agents/7b885e98-8cfe-4d8a-947c-9eb24ad678e0 200 in 846ms
 GET /api/auth/session 200 in 165ms
 GET /api/auth/session 200 in 192ms
 GET /api/auth/session 200 in 198ms
 GET /api/auth/session 200 in 89ms
 Middleware check: /dashboard/agents/7b885e98-8cfe-4d8a-947c-9eb24ad678e0/edit, session: giraud.eric@gmail.com
✅ User giraud.eric@gmail.com - has active subscription
 GET /dashboard/agents/7b885e98-8cfe-4d8a-947c-9eb24ad678e0/edit 200 in 609ms
 GET /favicon.ico 200 in 42ms
 GET /api/auth/session 200 in 121ms
 GET /api/auth/session 200 in 159ms
 GET /api/auth/session 200 in 70ms
 GET /api/auth/session 200 in 81ms
 Middleware check: /_next/webpack-hmr, session: giraud.eric@gmail.com
 GET /_next/webpack-hmr 404 in 188ms
 GET /api/auth/session 200 in 188ms
 GET /api/auth/session 200 in 237ms
 GET /api/auth/session 200 in 244ms
 GET /api/auth/session 200 in 250ms
 GET /api/auth/session 200 in 254ms
Error: Route "/api/user/agents/[id]" used `params.id`. `params` should be awaited before using its properties. Learn more: https://nextjs.org/docs/messages/sync-dynamic-apis
    at GET (app/api/user/agents/[id]/route.ts:21:28)
  19 |     }
  20 |
> 21 |     const agentId = params.id;
     |                            ^
  22 |
  23 |     // Forward to Flask backend
  24 |     const response = await fetch(`${BACKEND_URL}/api/user/agents/${agentId}`, {
 GET /api/user/agents/7b885e98-8cfe-4d8a-947c-9eb24ad678e0 200 in 566ms
 GET /api/auth/session 200 in 352ms
 GET /api/auth/session 200 in 385ms
 GET /api/auth/session 200 in 387ms
 GET /api/auth/session 200 in 389ms
Error: Route "/api/user/agents/[id]" used `params.id`. `params` should be awaited before using its properties. Learn more: https://nextjs.org/docs/messages/sync-dynamic-apis
    at GET (app/api/user/agents/[id]/route.ts:21:28)
  19 |     }
  20 |
> 21 |     const agentId = params.id;
     |                            ^
  22 |
  23 |     // Forward to Flask backend
  24 |     const response = await fetch(`${BACKEND_URL}/api/user/agents/${agentId}`, {
 GET /api/user/agents/7b885e98-8cfe-4d8a-947c-9eb24ad678e0 200 in 582ms
Error: Route "/api/user/agents/[id]" used `params.id`. `params` should be awaited before using its properties. Learn more: https://nextjs.org/docs/messages/sync-dynamic-apis
    at GET (app/api/user/agents/[id]/route.ts:21:28)
  19 |     }
  20 |
> 21 |     const agentId = params.id;
     |                            ^
  22 |
  23 |     // Forward to Flask backend
  24 |     const response = await fetch(`${BACKEND_URL}/api/user/agents/${agentId}`, {
 GET /api/user/agents/7b885e98-8cfe-4d8a-947c-9eb24ad678e0 200 in 520ms
 GET /api/auth/session 200 in 148ms
 GET /api/auth/session 200 in 166ms
 GET /api/auth/session 200 in 173ms
 GET /api/auth/session 200 in 174ms
 GET /api/auth/session 200 in 71ms
 GET /api/auth/session 200 in 38ms
 GET /api/auth/session 200 in 27ms
 GET /api/auth/session 200 in 95ms
Error: Route "/api/user/agents/[id]/livekit-info" used `params.id`. `params` should be awaited before using its properties. Learn more: https://nextjs.org/docs/messages/sync-dynamic-apis
    at GET (app/api/user/agents/[id]/livekit-info/route.ts:27:28)
  25 |     }
  26 |
> 27 |     const agentId = params.id;
     |                            ^
  28 |
  29 |     // Forward to Flask backend
  30 |     const response = await fetch(`${BACKEND_URL}/api/user/agents/${agentId}/livekit-info`, {
 GET /api/user/agents/7b885e98-8cfe-4d8a-947c-9eb24ad678e0/livekit-info 200 in 493ms
 GET /api/auth/session 200 in 489ms
 GET /api/auth/session 200 in 96ms
 GET /api/auth/session 200 in 108ms
 GET /api/auth/session 200 in 130ms
 GET /api/auth/session 200 in 116ms
Error: Route "/api/user/agents/[id]/livekit-info" used `params.id`. `params` should be awaited before using its properties. Learn more: https://nextjs.org/docs/messages/sync-dynamic-apis
    at GET (app/api/user/agents/[id]/livekit-info/route.ts:27:28)
  25 |     }
  26 |
> 27 |     const agentId = params.id;
     |                            ^
  28 |
  29 |     // Forward to Flask backend
  30 |     const response = await fetch(`${BACKEND_URL}/api/user/agents/${agentId}/livekit-info`, {
 GET /api/user/agents/7b885e98-8cfe-4d8a-947c-9eb24ad678e0/livekit-info 200 in 636ms
 GET /api/auth/session 200 in 165ms
 GET /api/auth/session 200 in 173ms
 GET /api/auth/session 200 in 207ms
 GET /api/auth/session 200 in 54ms
 GET /api/auth/session 200 in 92ms
Error: Route "/api/user/agents/[id]/livekit-info" used `params.id`. `params` should be awaited before using its properties. Learn more: https://nextjs.org/docs/messages/sync-dynamic-apis
    at GET (app/api/user/agents/[id]/livekit-info/route.ts:27:28)
  25 |     }
  26 |
> 27 |     const agentId = params.id;
     |                            ^
  28 |
  29 |     // Forward to Flask backend
  30 |     const response = await fetch(`${BACKEND_URL}/api/user/agents/${agentId}/livekit-info`, {
 GET /api/user/agents/7b885e98-8cfe-4d8a-947c-9eb24ad678e0/livekit-info 200 in 607ms
 GET /api/auth/session 200 in 197ms
 GET /api/auth/session 200 in 236ms
 GET /api/auth/session 200 in 248ms
 GET /api/auth/session 200 in 145ms
 Middleware check: /, session: NONE
 ⚠ ./node_modules/resend/dist/index.mjs
Module not found: Can't resolve '@react-email/render' in '/opt/livekit1/frontend/node_modules/resend/dist'

Import trace for requested module:
./node_modules/resend/dist/index.mjs
./lib/email.ts
./auth.ts
 ⚠ ./node_modules/resend/dist/index.mjs
Module not found: Can't resolve '@react-email/render' in '/opt/livekit1/frontend/node_modules/resend/dist'

Import trace for requested module:
./node_modules/resend/dist/index.mjs
./lib/email.ts
./auth.ts
 GET / 200 in 3350ms
[33m[auth][warn][debug-enabled][0m Read more: https://warnings.authjs.dev
 GET /api/auth/session 200 in 233ms
 GET /api/auth/session 200 in 68ms
Error: Route "/api/user/agents/[id]/livekit-info" used `params.id`. `params` should be awaited before using its properties. Learn more: https://nextjs.org/docs/messages/sync-dynamic-apis
    at GET (app/api/user/agents/[id]/livekit-info/route.ts:27:28)
  25 |     }
  26 |
> 27 |     const agentId = params.id;
     |                            ^
  28 |
  29 |     // Forward to Flask backend
  30 |     const response = await fetch(`${BACKEND_URL}/api/user/agents/${agentId}/livekit-info`, {
 GET /api/user/agents/7b885e98-8cfe-4d8a-947c-9eb24ad678e0/livekit-info 200 in 495ms
 GET /api/auth/session 200 in 492ms
 GET /api/auth/session 200 in 351ms
 GET /api/auth/session 200 in 147ms
[?25h
